player_name,card_id,sale_date,sold_price
Elly De La Cruz,Elly De La Cruz_2024 Topps Chrome PSA 10,2024-11-20 14:11:07+00:00,50.0
Elly De La Cruz,Elly De La Cruz_2024 Topps Chrome PSA 10,2024-12-08 23:12:00+00:00,40.8
Elly De La Cruz,Elly De La Cruz_2024 Topps Chrome PSA 10,2025-01-10 23:52:31+00:00,49.0
Elly De La Cruz,Elly De La Cruz_2024 Topps Chrome PSA 10,2025-03-16 23:14:00+00:00,48.0
Elly De La Cruz,Elly De La Cruz_2024 Topps Chrome PSA 10,2025-04-06 16:00:00+00:00,83.36
Elly De La Cruz,Elly De La Cruz_2024 Topps Chrome PSA 10,2025-04-06 16:53:43+00:00,99.0
Elly De La Cruz,Elly De La Cruz_2024 Topps Chrome PSA 10,2025-04-06 23:12:00+00:00,40.8
Elly De La Cruz,Elly De La Cruz_2024 Topps Chrome PSA 10,2025-04-13 23:12:00+00:00,40.8
Elly De La Cruz,Elly De La Cruz_2024 Topps Chrome PSA 10,2025-04-13 23:12:00+00:00,34.8
Elly De La Cruz,Elly De La Cruz_2024 Topps Chrome PSA 10,2025-05-11 23:14:00+00:00,76.8
Elly De La Cruz,Elly De La Cruz_2024 Topps Chrome PSA 10,2025-07-13 22:14:49+00:00,55.0
Elly De La Cruz,Elly De La Cruz_2024 Topps Chrome PSA 10,2025-09-07 23:30:00+00:00,36.0
Elly De La Cruz,Elly De La Cruz_2024 Topps Chrome PSA 10,2026-02-17 09:23:04+00:00,55.28
Elly De La Cruz,Elly De La Cruz_2024 Topps Chrome PSA 10,2026-04-02 22:35:20+00:00,81.0
Elly De La Cruz,Elly De La Cruz_2024 Topps Chrome PSA 10,2026-04-06 03:04:00+00:00,75.0
Elly De La Cruz,Elly De La Cruz_2024 Topps Chrome PSA 10,2026-04-09 20:03:30+00:00,78.0
Elly De La Cruz,Elly De La Cruz_2024 Topps Chrome PSA 10,2026-04-11 16:04:14+00:00,89.99
Elly De La Cruz,Elly De La Cruz_2024 Topps Chrome PSA 10,2026-04-29 16:00:00+00:00,111.15
Elly De La Cruz,Elly De La Cruz_2024 Topps Chrome PSA 10,2026-05-15 00:00:00+00:00,88.0
Elly De La Cruz,Elly De La Cruz_2024 Topps Chrome PSA 10,2026-05-17 00:00:00+00:00,85.99
Elly De La Cruz,Elly De La Cruz_2024 Topps Chrome PSA 10,2026-05-17 00:00:00+00:00,66.53
Elly De La Cruz,Elly De La Cruz_2024 Topps Chrome PSA 10,2026-05-21 00:00:00+00:00,90.72
Elly De La Cruz,Elly De La Cruz_2024 Topps Chrome PSA 10,2026-06-07 00:00:00+00:00,66.99
Elly De La Cruz,Elly De La Cruz_2024 Topps Chrome PSA 10,2026-06-07 00:00:00+00:00,79.99
Elly De La Cruz,Elly De La Cruz_2024 Topps Chrome PSA 10,2026-06-14 00:00:00+00:00,90.98
Elly De La Cruz,Elly De La Cruz_2024 Topps Chrome PSA 10,2026-06-16 00:00:00+00:00,69.74
Elly De La Cruz,Elly De La Cruz_2024 Topps Chrome PSA 10,2026-07-05 00:00:00+00:00,57.01
Elly De La Cruz,Elly De La Cruz_2024 Topps Chrome PSA 10,2026-07-06 00:00:00+00:00,60.47
Elly De La Cruz,Elly De La Cruz_2024 Topps Chrome PSA 10,2026-07-06 00:00:00+00:00,70.38
Elly De La Cruz,Elly De La Cruz_2024 Topps Chrome PSA 10,2026-07-14 00:00:00+00:00,62.7
Jackson Chourio,Jackson Chourio_2024 Topps Chrome PSA 10,2024-11-17 23:18:00+00:00,25.2
Jackson Chourio,Jackson Chourio_2024 Topps Chrome PSA 10,2024-12-16 06:34:36+00:00,34.0
Jackson Chourio,Jackson Chourio_2024 Topps Chrome PSA 10,2025-01-26 23:13:00+00:00,32.4
Jackson Chourio,Jackson Chourio_2024 Topps Chrome PSA 10,2025-02-23 23:19:00+00:00,37.2
Jackson Chourio,Jackson Chourio_2024 Topps Chrome PSA 10,2026-05-20 00:00:00+00:00,55.82
Jackson Chourio,Jackson Chourio_2024 Topps Chrome PSA 10,2026-05-20 00:00:00+00:00,56.0
Jackson Chourio,Jackson Chourio_2024 Topps Chrome PSA 10,2026-05-20 00:00:00+00:00,50.98
Jackson Chourio,Jackson Chourio_2024 Topps Chrome PSA 10,2026-05-20 00:00:00+00:00,41.4
Jackson Chourio,Jackson Chourio_2024 Topps Chrome PSA 10,2026-06-07 00:00:00+00:00,49.23
Jackson Chourio,Jackson Chourio_2024 Topps Chrome PSA 10,2026-06-12 00:00:00+00:00,69.99
Jackson Chourio,Jackson Chourio_2024 Topps Chrome PSA 10,2026-06-14 00:00:00+00:00,50.19
Jackson Chourio,Jackson Chourio_2024 Topps Chrome PSA 10,2026-06-14 00:00:00+00:00,47.98
Jackson Chourio,Jackson Chourio_2024 Topps Chrome PSA 10,2026-06-18 00:00:00+00:00,51.79
Jackson Chourio,Jackson Chourio_2024 Topps Chrome PSA 10,2026-07-03 00:00:00+00:00,50.47
Jackson Chourio,Jackson Chourio_2024 Topps Chrome PSA 10,2026-07-07 00:00:00+00:00,42.4
Jackson Chourio,Jackson Chourio_2024 Topps Chrome PSA 10,2026-07-15 00:00:00+00:00,56.24
Jackson Chourio,Jackson Chourio_2024 Topps Chrome PSA 10,2026-07-20 00:00:00+00:00,50.0
Jackson Chourio,Jackson Chourio_2024 Topps Chrome PSA 10,2026-08-08 00:00:00+00:00,41.96
Jackson Holliday,Jackson Holliday_2024 Topps Chrome PSA 10,2024-10-21 15:40:00+00:00,39.64
Jackson Holliday,Jackson Holliday_2024 Topps Chrome PSA 10,2025-02-23 15:00:00+00:00,30.1
Jackson Holliday,Jackson Holliday_2024 Topps Chrome PSA 10,2025-03-16 23:14:00+00:00,34.8
Jackson Holliday,Jackson Holliday_2024 Topps Chrome PSA 10,2025-05-18 23:22:00+00:00,24.0
Jackson Holliday,Jackson Holliday_2024 Topps Chrome PSA 10,2025-06-19 22:30:02+00:00,31.72
Jackson Holliday,Jackson Holliday_2024 Topps Chrome PSA 10,2025-07-27 08:22:25+00:00,51.48
Jackson Holliday,Jackson Holliday_2024 Topps Chrome PSA 10,2025-08-14 13:20:00+00:00,24.57
Jackson Holliday,Jackson Holliday_2024 Topps Chrome PSA 10,2026-01-17 05:58:22+00:00,29.48
Jackson Holliday,Jackson Holliday_2024 Topps Chrome PSA 10,2026-04-06 22:18:10+00:00,24.0
Jackson Holliday,Jackson Holliday_2024 Topps Chrome PSA 10,2026-04-09 17:24:10+00:00,28.0
Jackson Holliday,Jackson Holliday_2024 Topps Chrome PSA 10,2026-04-11 17:57:55+00:00,30.0
Jackson Holliday,Jackson Holliday_2024 Topps Chrome PSA 10,2026-04-15 15:00:00+00:00,55.28
Jackson Holliday,Jackson Holliday_2024 Topps Chrome PSA 10,2026-05-13 00:00:00+00:00,36.99
Jackson Holliday,Jackson Holliday_2024 Topps Chrome PSA 10,2026-05-15 00:00:00+00:00,32.62
Jackson Holliday,Jackson Holliday_2024 Topps Chrome PSA 10,2026-05-28 00:00:00+00:00,25.0
Jackson Holliday,Jackson Holliday_2024 Topps Chrome PSA 10,2026-05-29 00:00:00+00:00,41.49
Jackson Holliday,Jackson Holliday_2024 Topps Chrome PSA 10,2026-05-30 00:00:00+00:00,37.62
Jackson Holliday,Jackson Holliday_2024 Topps Chrome PSA 10,2026-06-02 00:00:00+00:00,35.57
Jackson Holliday,Jackson Holliday_2024 Topps Chrome PSA 10,2026-06-06 00:00:00+00:00,31.23
Jackson Holliday,Jackson Holliday_2024 Topps Chrome PSA 10,2026-06-06 00:00:00+00:00,20.9
Jackson Holliday,Jackson Holliday_2024 Topps Chrome PSA 10,2026-06-07 00:00:00+00:00,32.48
Jackson Holliday,Jackson Holliday_2024 Topps Chrome PSA 10,2026-06-15 00:00:00+00:00,29.99
Jackson Holliday,Jackson Holliday_2024 Topps Chrome PSA 10,2026-06-16 00:00:00+00:00,35.99
Jackson Holliday,Jackson Holliday_2024 Topps Chrome PSA 10,2026-06-25 00:00:00+00:00,40.96
Jackson Holliday,Jackson Holliday_2024 Topps Chrome PSA 10,2026-06-25 00:00:00+00:00,49.14
Jackson Holliday,Jackson Holliday_2024 Topps Chrome PSA 10,2026-06-25 00:00:00+00:00,37.0
Jackson Holliday,Jackson Holliday_2024 Topps Chrome PSA 10,2026-06-26 00:00:00+00:00,30.64
Jackson Holliday,Jackson Holliday_2024 Topps Chrome PSA 10,2026-07-09 00:00:00+00:00,41.96
Jackson Holliday,Jackson Holliday_2024 Topps Chrome PSA 10,2026-07-18 00:00:00+00:00,28.97
Jackson Holliday,Jackson Holliday_2024 Topps Chrome PSA 10,2026-07-20 00:00:00+00:00,27.73
Jackson Holliday,Jackson Holliday_2024 Topps Chrome PSA 10,2026-07-25 00:00:00+00:00,30.62
Jackson Holliday,Jackson Holliday_2024 Topps Chrome PSA 10,2026-07-27 00:00:00+00:00,30.27
Jackson Holliday,Jackson Holliday_2024 Topps Chrome PSA 10,2026-07-30 00:00:00+00:00,30.97
Jackson Holliday,Jackson Holliday_2024 Topps Chrome PSA 10,2026-07-30 00:00:00+00:00,30.54
Jackson Holliday,Jackson Holliday_2024 Topps Chrome PSA 10,2026-08-07 00:00:00+00:00,38.99
Jackson Holliday,Jackson Holliday_2024 Topps Chrome PSA 10,2026-08-09 00:00:00+00:00,33.24
Jackson Merrill,Jackson Merrill_2024 Topps Chrome PSA 10,2025-02-18 14:43:38+00:00,45.0
Jackson Merrill,Jackson Merrill_2024 Topps Chrome PSA 10,2025-07-07 16:00:00+00:00,40.95
Jackson Merrill,Jackson Merrill_2024 Topps Chrome PSA 10,2025-09-15 09:47:56+00:00,33.0
Jackson Merrill,Jackson Merrill_2024 Topps Chrome PSA 10,2026-01-05 17:53:59+00:00,17.2
Jackson Merrill,Jackson Merrill_2024 Topps Chrome PSA 10,2026-03-15 23:12:00+00:00,26.4
Jackson Merrill,Jackson Merrill_2024 Topps Chrome PSA 10,2026-04-05 21:42:12+00:00,29.99
Jackson Merrill,Jackson Merrill_2024 Topps Chrome PSA 10,2026-04-15 02:32:58+00:00,40.0
Jackson Merrill,Jackson Merrill_2024 Topps Chrome PSA 10,2026-05-16 00:00:00+00:00,40.97
Jackson Merrill,Jackson Merrill_2024 Topps Chrome PSA 10,2026-06-18 00:00:00+00:00,34.23
Jackson Merrill,Jackson Merrill_2024 Topps Chrome PSA 10,2026-06-27 00:00:00+00:00,37.24
Jackson Merrill,Jackson Merrill_2024 Topps Chrome PSA 10,2026-07-03 00:00:00+00:00,32.16
Jackson Merrill,Jackson Merrill_2024 Topps Chrome PSA 10,2026-07-04 00:00:00+00:00,34.28
Jackson Merrill,Jackson Merrill_2024 Topps Chrome PSA 10,2026-07-08 00:00:00+00:00,26.5
Jackson Merrill,Jackson Merrill_2024 Topps Chrome PSA 10,2026-07-17 00:00:00+00:00,31.17
Jackson Merrill,Jackson Merrill_2024 Topps Chrome PSA 10,2026-07-19 00:00:00+00:00,31.17
Jackson Merrill,Jackson Merrill_2024 Topps Chrome PSA 10,2026-08-02 00:00:00+00:00,38.64
James Wood,James Wood_2025 Topps Chrome PSA 10,2026-04-12 22:03:00+00:00,38.77
James Wood,James Wood_2025 Topps Chrome PSA 10,2026-04-13 15:34:40+00:00,42.0
James Wood,James Wood_2025 Topps Chrome PSA 10,2026-05-20 00:00:00+00:00,45.99
James Wood,James Wood_2025 Topps Chrome PSA 10,2026-06-13 00:00:00+00:00,55.97
James Wood,James Wood_2025 Topps Chrome PSA 10,2026-06-15 00:00:00+00:00,55.61
James Wood,James Wood_2025 Topps Chrome PSA 10,2026-07-03 00:00:00+00:00,56.24
James Wood,James Wood_2025 Topps Chrome PSA 10,2026-07-07 00:00:00+00:00,64.17
James Wood,James Wood_2025 Topps Chrome PSA 10,2026-07-28 00:00:00+00:00,124.99
James Wood,James Wood_2025 Topps Chrome PSA 10,2026-07-28 00:00:00+00:00,135.96
James Wood,James Wood_2025 Topps Chrome PSA 10,2026-08-05 00:00:00+00:00,92.0
Jasson Domínguez,Jasson Domínguez_2024 Topps Chrome PSA 10,2025-02-21 13:40:00+00:00,24.57
Jasson Domínguez,Jasson Domínguez_2024 Topps Chrome PSA 10,2025-10-05 23:23:00+00:00,8.4
Jasson Domínguez,Jasson Domínguez_2024 Topps Chrome PSA 10,2025-10-10 18:36:03+00:00,26.91
Jasson Domínguez,Jasson Domínguez_2024 Topps Chrome PSA 10,2026-04-07 21:52:01+00:00,14.95
Jasson Domínguez,Jasson Domínguez_2024 Topps Chrome PSA 10,2026-04-11 12:53:54+00:00,20.0
Jasson Domínguez,Jasson Domínguez_2024 Topps Chrome PSA 10,2026-05-14 00:00:00+00:00,23.49
Jasson Domínguez,Jasson Domínguez_2024 Topps Chrome PSA 10,2026-05-16 00:00:00+00:00,24.99
Jasson Domínguez,Jasson Domínguez_2024 Topps Chrome PSA 10,2026-06-18 00:00:00+00:00,41.24
Jasson Domínguez,Jasson Domínguez_2024 Topps Chrome PSA 10,2026-07-07 00:00:00+00:00,22.99
Jasson Domínguez,Jasson Domínguez_2024 Topps Chrome PSA 10,2026-08-04 00:00:00+00:00,20.5
Pete Crow-Armstrong,Pete Crow-Armstrong_2024 Topps Chrome PSA 10,2025-01-19 23:18:00+00:00,31.2
Pete Crow-Armstrong,Pete Crow-Armstrong_2024 Topps Chrome PSA 10,2026-04-02 20:06:00+00:00,49.0
Pete Crow-Armstrong,Pete Crow-Armstrong_2024 Topps Chrome PSA 10,2026-04-11 17:00:13+00:00,70.0
Pete Crow-Armstrong,Pete Crow-Armstrong_2024 Topps Chrome PSA 10,2026-06-10 16:00:00+00:00,99.45
Pete Crow-Armstrong,Pete Crow-Armstrong_2024 Topps Chrome PSA 10,2026-06-06 00:00:00+00:00,105.17
Pete Crow-Armstrong,Pete Crow-Armstrong_2024 Topps Chrome PSA 10,2026-06-08 00:00:00+00:00,106.72
Pete Crow-Armstrong,Pete Crow-Armstrong_2024 Topps Chrome PSA 10,2026-06-22 00:00:00+00:00,95.97
Pete Crow-Armstrong,Pete Crow-Armstrong_2024 Topps Chrome PSA 10,2026-06-24 00:00:00+00:00,95.97
Pete Crow-Armstrong,Pete Crow-Armstrong_2024 Topps Chrome PSA 10,2026-06-30 00:00:00+00:00,99.99
Pete Crow-Armstrong,Pete Crow-Armstrong_2024 Topps Chrome PSA 10,2026-07-09 00:00:00+00:00,101.75
Pete Crow-Armstrong,Pete Crow-Armstrong_2024 Topps Chrome PSA 10,2026-07-13 00:00:00+00:00,132.5
Gunnar Henderson,Gunnar Henderson_2023 Topps Chrome PSA 10,2026-04-12 13:49:28+00:00,59.99
Gunnar Henderson,Gunnar Henderson_2023 Topps Chrome PSA 10,2026-04-12 00:31:07+00:00,60.0
Gunnar Henderson,Gunnar Henderson_2023 Topps Chrome PSA 10,2026-04-07 11:08:36+00:00,54.0
Gunnar Henderson,Gunnar Henderson_2023 Topps Chrome PSA 10,2026-04-03 10:33:33+00:00,58.0
Gunnar Henderson,Gunnar Henderson_2023 Topps Chrome PSA 10,2026-02-19 23:16:56+00:00,40.0
Gunnar Henderson,Gunnar Henderson_2023 Topps Chrome PSA 10,2026-02-19 19:59:56+00:00,40.0
Gunnar Henderson,Gunnar Henderson_2023 Topps Chrome PSA 10,2026-02-19 19:14:31+00:00,47.0
Gunnar Henderson,Gunnar Henderson_2023 Topps Chrome PSA 10,2025-09-21 23:12:00+00:00,24.0
Gunnar Henderson,Gunnar Henderson_2023 Topps Chrome PSA 10,2025-06-08 23:19:00+00:00,33.6
Gunnar Henderson,Gunnar Henderson_2023 Topps Chrome PSA 10,2025-04-24 15:00:00+00:00,86.0
Gunnar Henderson,Gunnar Henderson_2023 Topps Chrome PSA 10,2025-03-23 23:15:00+00:00,49.2
Gunnar Henderson,Gunnar Henderson_2023 Topps Chrome PSA 10,2024-12-07 15:10:00+00:00,71.37
Gunnar Henderson,Gunnar Henderson_2023 Topps Chrome PSA 10,2024-11-04 14:50:00+00:00,27.3
Gunnar Henderson,Gunnar Henderson_2023 Topps Chrome PSA 10,2024-10-17 22:15:02+00:00,51.24
Gunnar Henderson,Gunnar Henderson_2023 Topps Chrome PSA 10,2024-05-22 16:00:00+00:00,111.15
Gunnar Henderson,Gunnar Henderson_2023 Topps Chrome PSA 10,2024-05-16 22:15:12+00:00,31.72
Gunnar Henderson,Gunnar Henderson_2023 Topps Chrome PSA 10,2024-05-01 16:00:00+00:00,111.15
Gunnar Henderson,Gunnar Henderson_2023 Topps Chrome PSA 10,2024-04-24 16:00:00+00:00,87.75
Gunnar Henderson,Gunnar Henderson_2023 Topps Chrome PSA 10,2024-04-21 23:18:00+00:00,30.0
Gunnar Henderson,Gunnar Henderson_2023 Topps Chrome PSA 10,2024-04-14 23:17:00+00:00,34.8
Gunnar Henderson,Gunnar Henderson_2023 Topps Chrome PSA 10,2024-04-07 23:15:00+00:00,33.6
Gunnar Henderson,Gunnar Henderson_2023 Topps Chrome PSA 10,2024-04-03 20:00:00+00:00,48.8
Gunnar Henderson,Gunnar Henderson_2023 Topps Chrome PSA 10,2024-04-01 21:04:00+00:00,44.0
Gunnar Henderson,Gunnar Henderson_2023 Topps Chrome PSA 10,2024-02-21 19:00:00+00:00,34.16
Gunnar Henderson,Gunnar Henderson_2023 Topps Chrome PSA 10,2024-01-10 04:03:04+00:00,45.0
Gunnar Henderson,Gunnar Henderson_2023 Topps Chrome PSA 10,2023-12-27 19:00:00+00:00,29.28
Gunnar Henderson,Gunnar Henderson_2023 Topps Chrome PSA 10,2023-12-27 19:00:00+00:00,34.16
Gunnar Henderson,Gunnar Henderson_2023 Topps Chrome PSA 10,2023-12-13 19:00:00+00:00,31.72
Gunnar Henderson,Gunnar Henderson_2023 Topps Chrome PSA 10,2023-11-29 19:00:00+00:00,28.06
Gunnar Henderson,Gunnar Henderson_2023 Topps Chrome PSA 10,2023-11-29 19:00:00+00:00,30.5
Gunnar Henderson,Gunnar Henderson_2023 Topps Chrome PSA 10,2023-11-29 19:00:00+00:00,46.36
Gunnar Henderson,Gunnar Henderson_2023 Topps Chrome PSA 10,2023-11-29 19:00:00+00:00,52.46
Gunnar Henderson,Gunnar Henderson_2023 Topps Chrome PSA 10,2023-11-29 19:00:00+00:00,36.6
Gunnar Henderson,Gunnar Henderson_2023 Topps Chrome PSA 10,2023-11-29 19:00:00+00:00,45.14
Gunnar Henderson,Gunnar Henderson_2023 Topps Chrome PSA 10,2023-11-29 19:00:00+00:00,40.26
Gunnar Henderson,Gunnar Henderson_2023 Topps Chrome PSA 10,2026-08-05 12:00:00+00:00,34.0
Gunnar Henderson,Gunnar Henderson_2023 Topps Chrome PSA 10,2026-08-04 12:00:00+00:00,47.0
Gunnar Henderson,Gunnar Henderson_2023 Topps Chrome PSA 10,2026-08-02 12:00:00+00:00,49.95
Gunnar Henderson,Gunnar Henderson_2023 Topps Chrome PSA 10,2026-08-02 12:00:00+00:00,34.0
Gunnar Henderson,Gunnar Henderson_2023 Topps Chrome PSA 10,2026-08-02 12:00:00+00:00,45.0
Gunnar Henderson,Gunnar Henderson_2023 Topps Chrome PSA 10,2026-08-01 12:00:00+00:00,30.0
Gunnar Henderson,Gunnar Henderson_2023 Topps Chrome PSA 10,2026-08-05 12:00:00+00:00,20.53
Gunnar Henderson,Gunnar Henderson_2023 Topps Chrome PSA 10,2026-07-26 12:00:00+00:00,31.0
Gunnar Henderson,Gunnar Henderson_2023 Topps Chrome PSA 10,2026-07-24 12:00:00+00:00,41.0
Gunnar Henderson,Gunnar Henderson_2023 Topps Chrome PSA 10,2026-07-23 12:00:00+00:00,30.0
Gunnar Henderson,Gunnar Henderson_2023 Topps Chrome PSA 10,2026-07-21 12:00:00+00:00,32.01
Gunnar Henderson,Gunnar Henderson_2023 Topps Chrome PSA 10,2026-07-21 12:00:00+00:00,24.5
Gunnar Henderson,Gunnar Henderson_2023 Topps Chrome PSA 10,2026-07-20 12:00:00+00:00,27.0
Gunnar Henderson,Gunnar Henderson_2023 Topps Chrome PSA 10,2026-07-15 12:00:00+00:00,30.0
Gunnar Henderson,Gunnar Henderson_2023 Topps Chrome PSA 10,2026-07-08 12:00:00+00:00,26.0
Gunnar Henderson,Gunnar Henderson_2023 Topps Chrome PSA 10,2026-07-05 12:00:00+00:00,33.0
Gunnar Henderson,Gunnar Henderson_2023 Topps Chrome PSA 10,2026-07-05 12:00:00+00:00,30.0
Gunnar Henderson,Gunnar Henderson_2023 Topps Chrome PSA 10,2026-07-04 12:00:00+00:00,35.0
Gunnar Henderson,Gunnar Henderson_2023 Topps Chrome PSA 10,2026-06-19 12:00:00+00:00,49.99
Gunnar Henderson,Gunnar Henderson_2023 Topps Chrome PSA 10,2026-06-15 12:00:00+00:00,28.0
Gunnar Henderson,Gunnar Henderson_2023 Topps Chrome PSA 10,2026-06-11 12:00:00+00:00,46.0
Gunnar Henderson,Gunnar Henderson_2023 Topps Chrome PSA 10,2026-08-05 12:00:00+00:00,29.0
Gunnar Henderson,Gunnar Henderson_2023 Topps Chrome PSA 10,2026-08-05 12:00:00+00:00,40.0
Gunnar Henderson,Gunnar Henderson_2023 Topps Chrome PSA 10,2026-08-05 12:00:00+00:00,33.0
Adley Rutschman,Adley Rutschman_2023 topps chrome psa 10,2023-11-01 20:00:00+00:00,41.48
Adley Rutschman,Adley Rutschman_2023 topps chrome psa 10,2023-11-08 19:00:00+00:00,31.72
Adley Rutschman,Adley Rutschman_2023 topps chrome psa 10,2023-11-15 19:00:00+00:00,32.94
Adley Rutschman,Adley Rutschman_2023 topps chrome psa 10,2023-11-15 19:00:00+00:00,17.08
Adley Rutschman,Adley Rutschman_2023 topps chrome psa 10,2023-11-23 19:00:00+00:00,31.72
Adley Rutschman,Adley Rutschman_2023 topps chrome psa 10,2023-11-29 19:00:00+00:00,39.04
Adley Rutschman,Adley Rutschman_2023 topps chrome psa 10,2023-11-29 19:00:00+00:00,21.96
Adley Rutschman,Adley Rutschman_2023 topps chrome psa 10,2023-11-29 19:00:00+00:00,34.16
Adley Rutschman,Adley Rutschman_2023 topps chrome psa 10,2023-12-20 19:00:00+00:00,26.84
Adley Rutschman,Adley Rutschman_2023 topps chrome psa 10,2023-12-27 19:00:00+00:00,21.96
Adley Rutschman,Adley Rutschman_2023 topps chrome psa 10,2023-12-27 19:00:00+00:00,31.72
Adley Rutschman,Adley Rutschman_2023 topps chrome psa 10,2024-01-07 23:10:00+00:00,27.6
Adley Rutschman,Adley Rutschman_2023 topps chrome psa 10,2024-02-01 03:51:24+00:00,25.0
Adley Rutschman,Adley Rutschman_2023 topps chrome psa 10,2024-02-03 13:20:00+00:00,38.61
Adley Rutschman,Adley Rutschman_2023 topps chrome psa 10,2024-02-05 22:28:48+00:00,35.0
Adley Rutschman,Adley Rutschman_2023 topps chrome psa 10,2024-02-24 13:00:00+00:00,71.25
Adley Rutschman,Adley Rutschman_2023 topps chrome psa 10,2024-03-31 23:23:00+00:00,22.8
Adley Rutschman,Adley Rutschman_2023 topps chrome psa 10,2024-04-07 23:15:00+00:00,43.2
Adley Rutschman,Adley Rutschman_2023 topps chrome psa 10,2024-04-14 23:17:00+00:00,25.2
Adley Rutschman,Adley Rutschman_2023 topps chrome psa 10,2024-04-18 22:16:34+00:00,29.28
Adley Rutschman,Adley Rutschman_2023 topps chrome psa 10,2024-05-08 15:30:00+00:00,57.74
Adley Rutschman,Adley Rutschman_2023 topps chrome psa 10,2024-05-09 22:15:06+00:00,30.5
Adley Rutschman,Adley Rutschman_2023 topps chrome psa 10,2024-05-12 23:22:00+00:00,18.0
Adley Rutschman,Adley Rutschman_2023 topps chrome psa 10,2024-12-16 12:00:20+00:00,20.0
Adley Rutschman,Adley Rutschman_2023 topps chrome psa 10,2025-02-02 15:00:00+00:00,27.09
Adley Rutschman,Adley Rutschman_2023 topps chrome psa 10,2025-02-12 15:00:00+00:00,87.75
Adley Rutschman,Adley Rutschman_2023 topps chrome psa 10,2025-04-09 14:00:00+00:00,26.38
Adley Rutschman,Adley Rutschman_2023 topps chrome psa 10,2025-09-14 23:11:00+00:00,9.6
Adley Rutschman,Adley Rutschman_2023 topps chrome psa 10,2025-09-21 23:12:00+00:00,9.6
Adley Rutschman,Adley Rutschman_2023 topps chrome psa 10,2025-09-21 23:12:00+00:00,8.4
Adley Rutschman,Adley Rutschman_2023 topps chrome psa 10,2025-09-22 15:14:40+00:00,16.0
Adley Rutschman,Adley Rutschman_2023 topps chrome psa 10,2026-03-22 16:00:00+00:00,24.57
Adley Rutschman,Adley Rutschman_2023 topps chrome psa 10,2026-04-11 09:50:59+00:00,20.0
Adley Rutschman,Adley Rutschman_2023 topps chrome psa 10,2026-05-17 00:00:00+00:00,16.74
Adley Rutschman,Adley Rutschman_2023 topps chrome psa 10,2026-05-20 00:00:00+00:00,15.49
Adley Rutschman,Adley Rutschman_2023 topps chrome psa 10,2026-05-31 00:00:00+00:00,25.27
Adley Rutschman,Adley Rutschman_2023 topps chrome psa 10,2026-07-09 00:00:00+00:00,24.99
Adley Rutschman,Adley Rutschman_2023 topps chrome psa 10,2026-07-11 00:00:00+00:00,20.0
Adley Rutschman,Adley Rutschman_2023 topps chrome psa 10,2026-07-29 00:00:00+00:00,18.5
Adley Rutschman,Adley Rutschman_2023 topps chrome psa 10,2026-08-03 00:00:00+00:00,20.5
Adley Rutschman,Adley Rutschman_2023 topps chrome psa 10,2026-08-09 00:00:00+00:00,27.28
Adley Rutschman,Adley Rutschman_2023 topps chrome psa 10,2026-08-11 00:00:00+00:00,65.0
Anthony Volpe,Anthony Volpe_2023 topps chrome psa 10,2023-11-15 19:00:00+00:00,31.72
Anthony Volpe,Anthony Volpe_2023 topps chrome psa 10,2023-11-23 19:00:00+00:00,29.28
Anthony Volpe,Anthony Volpe_2023 topps chrome psa 10,2023-11-23 19:00:00+00:00,30.5
Anthony Volpe,Anthony Volpe_2023 topps chrome psa 10,2023-11-29 19:00:00+00:00,34.16
Anthony Volpe,Anthony Volpe_2023 topps chrome psa 10,2024-01-07 23:10:00+00:00,37.2
Anthony Volpe,Anthony Volpe_2023 topps chrome psa 10,2024-02-14 19:00:00+00:00,31.72
Anthony Volpe,Anthony Volpe_2023 topps chrome psa 10,2024-02-21 19:00:00+00:00,26.84
Anthony Volpe,Anthony Volpe_2023 topps chrome psa 10,2024-06-23 16:00:00+00:00,61.43
Anthony Volpe,Anthony Volpe_2023 topps chrome psa 10,2024-10-20 23:10:00+00:00,21.6
Anthony Volpe,Anthony Volpe_2023 topps chrome psa 10,2024-10-20 23:10:00+00:00,13.2
Anthony Volpe,Anthony Volpe_2023 topps chrome psa 10,2024-11-01 15:50:00+00:00,51.29
Anthony Volpe,Anthony Volpe_2023 topps chrome psa 10,2024-11-07 15:00:00+00:00,33.87
Anthony Volpe,Anthony Volpe_2023 topps chrome psa 10,2025-06-04 09:07:53+00:00,20.0
Anthony Volpe,Anthony Volpe_2023 topps chrome psa 10,2025-07-06 23:17:00+00:00,19.2
Anthony Volpe,Anthony Volpe_2023 topps chrome psa 10,2025-09-21 23:12:00+00:00,8.4
Anthony Volpe,Anthony Volpe_2023 topps chrome psa 10,2025-10-06 14:24:20+00:00,20.0
Anthony Volpe,Anthony Volpe_2023 topps chrome psa 10,2025-10-12 23:18:00+00:00,12.0
Anthony Volpe,Anthony Volpe_2023 topps chrome psa 10,2025-10-15 22:45:54+00:00,20.0
Anthony Volpe,Anthony Volpe_2023 topps chrome psa 10,2026-05-17 00:00:00+00:00,38.96
Anthony Volpe,Anthony Volpe_2023 topps chrome psa 10,2026-05-18 00:00:00+00:00,29.38
Anthony Volpe,Anthony Volpe_2023 topps chrome psa 10,2026-05-19 00:00:00+00:00,30.72
Anthony Volpe,Anthony Volpe_2023 topps chrome psa 10,2026-06-01 00:00:00+00:00,33.29
Anthony Volpe,Anthony Volpe_2023 topps chrome psa 10,2026-06-24 00:00:00+00:00,29.94
Anthony Volpe,Anthony Volpe_2023 topps chrome psa 10,2026-06-29 00:00:00+00:00,16.49
Anthony Volpe,Anthony Volpe_2023 topps chrome psa 10,2026-08-06 00:00:00+00:00,13.49
Anthony Volpe,Anthony Volpe_2023 topps chrome psa 10,2026-08-10 00:00:00+00:00,15.49
Cal Raleigh,Cal Raleigh_2022 topps chrome psa 10,2026-02-19 21:13:48+00:00,100.0
Cal Raleigh,Cal Raleigh_2022 topps chrome psa 10,2026-02-20 15:59:24+00:00,99.0
Cal Raleigh,Cal Raleigh_2022 topps chrome psa 10,2026-04-02 21:42:00+00:00,78.0
Cal Raleigh,Cal Raleigh_2022 topps chrome psa 10,2026-04-02 22:12:00+00:00,61.0
Cal Raleigh,Cal Raleigh_2022 topps chrome psa 10,2026-04-02 22:51:00+00:00,61.0
Cal Raleigh,Cal Raleigh_2022 topps chrome psa 10,2026-04-03 15:36:50+00:00,75.0
Cal Raleigh,Cal Raleigh_2022 topps chrome psa 10,2026-04-04 22:40:48+00:00,66.0
Cal Raleigh,Cal Raleigh_2022 topps chrome psa 10,2026-04-07 18:41:24+00:00,80.0
Cal Raleigh,Cal Raleigh_2022 topps chrome psa 10,2026-04-09 23:07:30+00:00,76.0
Cal Raleigh,Cal Raleigh_2022 topps chrome psa 10,2026-04-12 22:38:00+00:00,56.0
Cal Raleigh,Cal Raleigh_2022 topps chrome psa 10,2026-04-13 21:26:00+00:00,88.0
Cal Raleigh,Cal Raleigh_2022 topps chrome psa 10,2026-04-13 22:10:01+00:00,61.0
Cal Raleigh,Cal Raleigh_2022 topps chrome psa 10,2026-04-14 17:53:02+00:00,61.0
Cal Raleigh,Cal Raleigh_2022 topps chrome psa 10,2026-04-14 22:52:00+00:00,70.0
Corbin Carroll,Corbin Carroll_2023 topps chrome psa 10,2023-11-01 20:00:00+00:00,87.84
Corbin Carroll,Corbin Carroll_2023 topps chrome psa 10,2023-11-15 19:00:00+00:00,51.24
Corbin Carroll,Corbin Carroll_2023 topps chrome psa 10,2023-11-23 19:00:00+00:00,46.36
Corbin Carroll,Corbin Carroll_2023 topps chrome psa 10,2023-11-29 19:00:00+00:00,50.02
Corbin Carroll,Corbin Carroll_2023 topps chrome psa 10,2023-11-29 19:00:00+00:00,54.9
Corbin Carroll,Corbin Carroll_2023 topps chrome psa 10,2023-12-01 06:05:02+00:00,35.0
Corbin Carroll,Corbin Carroll_2023 topps chrome psa 10,2023-12-20 15:00:00+00:00,49.14
Corbin Carroll,Corbin Carroll_2023 topps chrome psa 10,2024-01-10 19:00:00+00:00,35.38
Corbin Carroll,Corbin Carroll_2023 topps chrome psa 10,2024-02-14 19:00:00+00:00,43.92
Corbin Carroll,Corbin Carroll_2023 topps chrome psa 10,2024-02-21 19:00:00+00:00,39.04
Corbin Carroll,Corbin Carroll_2023 topps chrome psa 10,2024-02-28 19:00:00+00:00,34.16
Corbin Carroll,Corbin Carroll_2023 topps chrome psa 10,2024-03-20 20:00:00+00:00,28.06
Corbin Carroll,Corbin Carroll_2023 topps chrome psa 10,2024-04-07 23:15:00+00:00,27.6
Corbin Carroll,Corbin Carroll_2023 topps chrome psa 10,2024-04-14 23:17:00+00:00,25.2
Corbin Carroll,Corbin Carroll_2023 topps chrome psa 10,2024-05-05 15:00:00+00:00,49.14
Corbin Carroll,Corbin Carroll_2023 topps chrome psa 10,2024-05-07 14:20:00+00:00,31.94
Corbin Carroll,Corbin Carroll_2023 topps chrome psa 10,2024-05-21 13:50:00+00:00,21.1
Corbin Carroll,Corbin Carroll_2023 topps chrome psa 10,2024-06-09 23:23:00+00:00,25.2
Corbin Carroll,Corbin Carroll_2023 topps chrome psa 10,2024-11-17 23:18:00+00:00,14.4
Corbin Carroll,Corbin Carroll_2023 topps chrome psa 10,2025-01-01 15:00:00+00:00,78.17
Corbin Carroll,Corbin Carroll_2023 topps chrome psa 10,2025-04-20 23:20:00+00:00,26.4
Corbin Carroll,Corbin Carroll_2023 topps chrome psa 10,2025-04-27 23:18:00+00:00,24.0
Corbin Carroll,Corbin Carroll_2023 topps chrome psa 10,2025-05-22 22:15:46+00:00,17.08
Corbin Carroll,Corbin Carroll_2023 topps chrome psa 10,2025-08-28 15:46:10+00:00,49.14
Corbin Carroll,Corbin Carroll_2023 topps chrome psa 10,2025-10-19 23:13:00+00:00,20.4
Corbin Carroll,Corbin Carroll_2023 topps chrome psa 10,2026-03-24 12:17:31+00:00,38.08
Corbin Carroll,Corbin Carroll_2023 topps chrome psa 10,2026-04-05 17:58:45+00:00,27.49
Corbin Carroll,Corbin Carroll_2023 topps chrome psa 10,2026-04-14 17:53:45+00:00,39.99
Corbin Carroll,Corbin Carroll_2023 topps chrome psa 10,2026-04-14 19:39:46+00:00,37.5
Corbin Carroll,Corbin Carroll_2023 topps chrome psa 10,2026-04-15 06:54:12+00:00,33.0
Corbin Carroll,Corbin Carroll_2023 topps chrome psa 10,2026-05-20 00:00:00+00:00,28.0
Corbin Carroll,Corbin Carroll_2023 topps chrome psa 10,2026-05-22 00:00:00+00:00,39.35
Corbin Carroll,Corbin Carroll_2023 topps chrome psa 10,2026-05-24 00:00:00+00:00,27.5
Corbin Carroll,Corbin Carroll_2023 topps chrome psa 10,2026-05-30 00:00:00+00:00,29.28
Corbin Carroll,Corbin Carroll_2023 topps chrome psa 10,2026-05-31 00:00:00+00:00,30.04
Corbin Carroll,Corbin Carroll_2023 topps chrome psa 10,2026-06-08 00:00:00+00:00,82.5
Corbin Carroll,Corbin Carroll_2023 topps chrome psa 10,2026-06-11 00:00:00+00:00,25.49
Corbin Carroll,Corbin Carroll_2023 topps chrome psa 10,2026-06-21 00:00:00+00:00,25.0
Corbin Carroll,Corbin Carroll_2023 topps chrome psa 10,2026-07-01 00:00:00+00:00,37.25
Corbin Carroll,Corbin Carroll_2023 topps chrome psa 10,2026-07-03 00:00:00+00:00,33.75
Corbin Carroll,Corbin Carroll_2023 topps chrome psa 10,2026-07-03 00:00:00+00:00,31.75
Corbin Carroll,Corbin Carroll_2023 topps chrome psa 10,2026-07-03 00:00:00+00:00,29.25
Corbin Carroll,Corbin Carroll_2023 topps chrome psa 10,2026-07-12 00:00:00+00:00,40.28
Corbin Carroll,Corbin Carroll_2023 topps chrome psa 10,2026-07-13 00:00:00+00:00,39.6
Corbin Carroll,Corbin Carroll_2023 topps chrome psa 10,2026-07-15 00:00:00+00:00,21.25
Corbin Carroll,Corbin Carroll_2023 topps chrome psa 10,2026-07-18 00:00:00+00:00,30.48
Corbin Carroll,Corbin Carroll_2023 topps chrome psa 10,2026-07-19 00:00:00+00:00,22.74
Corbin Carroll,Corbin Carroll_2023 topps chrome psa 10,2026-07-26 00:00:00+00:00,25.78
Corbin Carroll,Corbin Carroll_2023 topps chrome psa 10,2026-07-27 00:00:00+00:00,20.66
Corbin Carroll,Corbin Carroll_2023 topps chrome psa 10,2026-07-28 00:00:00+00:00,33.48
Corbin Carroll,Corbin Carroll_2023 topps chrome psa 10,2026-07-28 00:00:00+00:00,36.24
Corbin Carroll,Corbin Carroll_2023 topps chrome psa 10,2026-07-29 00:00:00+00:00,32.05
Corbin Carroll,Corbin Carroll_2023 topps chrome psa 10,2026-08-03 00:00:00+00:00,49.99
Corbin Carroll,Corbin Carroll_2023 topps chrome psa 10,2026-08-10 00:00:00+00:00,45.98
Jordan Walker,Jordan Walker_2023 topps chrome psa 10,2026-05-30 00:00:00+00:00,55.98
Jordan Walker,Jordan Walker_2023 topps chrome psa 10,2026-07-13 00:00:00+00:00,55.98
Jordan Walker,Jordan Walker_2023 topps chrome psa 10,2026-07-14 00:00:00+00:00,55.98
Jordan Walker,Jordan Walker_2023 topps chrome psa 10,2026-07-15 00:00:00+00:00,55.98
Jordan Walker,Jordan Walker_2023 topps chrome psa 10,2026-07-16 00:00:00+00:00,55.98
Jordan Walker,Jordan Walker_2023 topps chrome psa 10,2026-07-17 00:00:00+00:00,123.49
Josh Jung,Josh Jung_2023 topps chrome psa 10,2023-11-15 19:00:00+00:00,32.94
Josh Jung,Josh Jung_2023 topps chrome psa 10,2023-11-23 19:00:00+00:00,29.28
Josh Jung,Josh Jung_2023 topps chrome psa 10,2023-11-29 19:00:00+00:00,26.84
Josh Jung,Josh Jung_2023 topps chrome psa 10,2024-02-14 19:00:00+00:00,24.4
Josh Jung,Josh Jung_2023 topps chrome psa 10,2024-04-18 22:15:12+00:00,19.52
Josh Jung,Josh Jung_2023 topps chrome psa 10,2024-06-09 23:23:00+00:00,14.4
Josh Jung,Josh Jung_2023 topps chrome psa 10,2025-08-03 16:00:00+00:00,23.4
Josh Jung,Josh Jung_2023 topps chrome psa 10,2025-09-07 23:30:00+00:00,12.0
Josh Jung,Josh Jung_2023 topps chrome psa 10,2026-01-11 23:16:00+00:00,8.4
Josh Jung,Josh Jung_2023 topps chrome psa 10,2026-04-12 21:45:01+00:00,13.5
Michael Harris II,Michael Harris II_2023 topps chrome psa 10,2023-11-15 19:00:00+00:00,24.4
Michael Harris II,Michael Harris II_2023 topps chrome psa 10,2023-11-23 19:00:00+00:00,35.38
Michael Harris II,Michael Harris II_2023 topps chrome psa 10,2023-11-29 19:00:00+00:00,19.52
Michael Harris II,Michael Harris II_2023 topps chrome psa 10,2023-12-10 23:21:00+00:00,20.4
Michael Harris II,Michael Harris II_2023 topps chrome psa 10,2024-05-30 22:15:09+00:00,17.08
Michael Harris II,Michael Harris II_2023 topps chrome psa 10,2024-06-02 16:00:00+00:00,50.45
Michael Harris II,Michael Harris II_2023 topps chrome psa 10,2024-06-23 16:00:00+00:00,27.3
Michael Harris II,Michael Harris II_2023 topps chrome psa 10,2024-10-06 23:19:00+00:00,15.6
Michael Harris II,Michael Harris II_2023 topps chrome psa 10,2025-09-14 23:11:00+00:00,10.8
Michael Harris II,Michael Harris II_2023 topps chrome psa 10,2025-09-21 23:12:00+00:00,8.4
Michael Harris II,Michael Harris II_2023 topps chrome psa 10,2026-04-05 22:36:51+00:00,17.0
Michael Harris II,Michael Harris II_2023 topps chrome psa 10,2026-05-21 00:00:00+00:00,35.96
Michael Harris II,Michael Harris II_2023 topps chrome psa 10,2026-05-28 00:00:00+00:00,35.99
Michael Harris II,Michael Harris II_2023 topps chrome psa 10,2026-07-18 00:00:00+00:00,36.95
Michael Harris II,Michael Harris II_2023 topps chrome psa 10,2026-07-25 00:00:00+00:00,35.96
Michael Harris II,Michael Harris II_2023 topps chrome psa 10,2026-08-02 00:00:00+00:00,42.04
Oneil Cruz,Oneil Cruz_2022 topps chrome psa 10,2023-04-23 23:14:00+00:00,25.2
Oneil Cruz,Oneil Cruz_2022 topps chrome psa 10,2023-05-03 20:00:00+00:00,36.0
Oneil Cruz,Oneil Cruz_2022 topps chrome psa 10,2023-05-17 20:00:00+00:00,30.0
Oneil Cruz,Oneil Cruz_2022 topps chrome psa 10,2023-05-17 20:00:00+00:00,25.2
Oneil Cruz,Oneil Cruz_2022 topps chrome psa 10,2023-05-28 23:12:00+00:00,20.4
Oneil Cruz,Oneil Cruz_2022 topps chrome psa 10,2023-06-04 23:20:00+00:00,21.6
Oneil Cruz,Oneil Cruz_2022 topps chrome psa 10,2023-06-11 23:16:00+00:00,20.4
Oneil Cruz,Oneil Cruz_2022 topps chrome psa 10,2023-07-05 20:00:00+00:00,32.4
Oneil Cruz,Oneil Cruz_2022 topps chrome psa 10,2023-07-12 20:00:00+00:00,26.4
Oneil Cruz,Oneil Cruz_2022 topps chrome psa 10,2023-11-01 20:00:00+00:00,28.06
Oneil Cruz,Oneil Cruz_2022 topps chrome psa 10,2024-04-07 23:15:00+00:00,40.8
Oneil Cruz,Oneil Cruz_2022 topps chrome psa 10,2026-04-13 16:58:44+00:00,29.95
Oneil Cruz,Oneil Cruz_2022 topps chrome psa 10,2026-04-15 17:54:41+00:00,24.99
Oneil Cruz,Oneil Cruz_2022 topps chrome psa 10,2026-05-19 00:00:00+00:00,31.27
Oneil Cruz,Oneil Cruz_2022 topps chrome psa 10,2026-05-23 00:00:00+00:00,33.75
Oneil Cruz,Oneil Cruz_2022 topps chrome psa 10,2026-06-02 00:00:00+00:00,33.76
Oneil Cruz,Oneil Cruz_2022 topps chrome psa 10,2026-06-05 00:00:00+00:00,17.59
Oneil Cruz,Oneil Cruz_2022 topps chrome psa 10,2026-06-10 00:00:00+00:00,45.24
Oneil Cruz,Oneil Cruz_2022 topps chrome psa 10,2026-06-16 00:00:00+00:00,22.5
Oneil Cruz,Oneil Cruz_2022 topps chrome psa 10,2026-06-30 00:00:00+00:00,15.9
Oneil Cruz,Oneil Cruz_2022 topps chrome psa 10,2026-07-17 00:00:00+00:00,16.9
Oneil Cruz,Oneil Cruz_2022 topps chrome psa 10,2026-08-01 00:00:00+00:00,25.47
Oneil Cruz,Oneil Cruz_2022 topps chrome psa 10,2026-08-10 00:00:00+00:00,39.99
Wyatt Langford,Wyatt Langford_2024 topps chrome psa 10,2025-03-23 23:15:00+00:00,19.2
Wyatt Langford,Wyatt Langford_2024 topps chrome psa 10,2026-02-18 15:42:55+00:00,33.0
Wyatt Langford,Wyatt Langford_2024 topps chrome psa 10,2026-04-10 08:06:00+00:00,30.0
Wyatt Langford,Wyatt Langford_2024 topps chrome psa 10,2026-04-14 19:19:39+00:00,39.0
Wyatt Langford,Wyatt Langford_2024 topps chrome psa 10,2026-04-14 19:20:59+00:00,35.0
Wyatt Langford,Wyatt Langford_2024 topps chrome psa 10,2026-04-14 19:24:14+00:00,39.87
Wyatt Langford,Wyatt Langford_2024 topps chrome psa 10,2026-04-14 23:15:54+00:00,39.0
Aaron Judge,Aaron Judge_2017 topps chrome psa 10,2022-01-14 00:56:02+00:00,80.0
Aaron Judge,Aaron Judge_2017 topps chrome psa 10,2022-04-03 23:23:00+00:00,74.4
Aaron Judge,Aaron Judge_2017 topps chrome psa 10,2022-04-14 20:23:59+00:00,107.0
Aaron Judge,Aaron Judge_2017 topps chrome psa 10,2022-06-05 23:29:00+00:00,96.0
Aaron Judge,Aaron Judge_2017 topps chrome psa 10,2022-06-19 23:17:00+00:00,93.6
Aaron Judge,Aaron Judge_2017 topps chrome psa 10,2022-06-26 23:21:00+00:00,93.6
Aaron Judge,Aaron Judge_2017 topps chrome psa 10,2022-07-03 23:15:00+00:00,93.6
Aaron Judge,Aaron Judge_2017 topps chrome psa 10,2022-07-03 23:15:00+00:00,88.8
Aaron Judge,Aaron Judge_2017 topps chrome psa 10,2022-07-17 23:17:00+00:00,79.2
Aaron Judge,Aaron Judge_2017 topps chrome psa 10,2022-07-31 09:28:06+00:00,120.0
Aaron Judge,Aaron Judge_2017 topps chrome psa 10,2022-08-07 23:20:00+00:00,180.0
Aaron Judge,Aaron Judge_2017 topps chrome psa 10,2022-08-07 23:20:00+00:00,186.0
Aaron Judge,Aaron Judge_2017 topps chrome psa 10,2022-08-14 23:19:00+00:00,198.0
Aaron Judge,Aaron Judge_2017 topps chrome psa 10,2022-08-21 23:20:00+00:00,192.0
Aaron Judge,Aaron Judge_2017 topps chrome psa 10,2022-08-28 23:13:00+00:00,150.0
Aaron Judge,Aaron Judge_2017 topps chrome psa 10,2022-09-04 23:33:00+00:00,168.0
Aaron Judge,Aaron Judge_2017 topps chrome psa 10,2022-10-09 23:25:00+00:00,336.0
Aaron Judge,Aaron Judge_2017 topps chrome psa 10,2022-12-04 23:26:00+00:00,103.2
Aaron Judge,Aaron Judge_2017 topps chrome psa 10,2022-12-11 23:13:00+00:00,79.2
Aaron Judge,Aaron Judge_2017 topps chrome psa 10,2023-01-29 23:21:00+00:00,110.4
Aaron Judge,Aaron Judge_2017 topps chrome psa 10,2023-02-19 23:19:00+00:00,126.0
Aaron Judge,Aaron Judge_2017 topps chrome psa 10,2023-04-02 23:31:00+00:00,156.0
Aaron Judge,Aaron Judge_2017 topps chrome psa 10,2023-04-09 23:31:00+00:00,132.0
Aaron Judge,Aaron Judge_2017 topps chrome psa 10,2023-04-09 23:31:00+00:00,138.0
Aaron Judge,Aaron Judge_2017 topps chrome psa 10,2023-05-08 07:53:55+00:00,145.0
Aaron Judge,Aaron Judge_2017 topps chrome psa 10,2023-05-21 23:18:00+00:00,150.0
Aaron Judge,Aaron Judge_2017 topps chrome psa 10,2023-05-24 20:00:00+00:00,90.0
Aaron Judge,Aaron Judge_2017 topps chrome psa 10,2023-05-24 20:00:00+00:00,99.6
Aaron Judge,Aaron Judge_2017 topps chrome psa 10,2023-05-24 20:00:00+00:00,85.2
Aaron Judge,Aaron Judge_2017 topps chrome psa 10,2023-06-07 20:00:00+00:00,154.8
Aaron Judge,Aaron Judge_2017 topps chrome psa 10,2023-06-14 20:00:00+00:00,106.8
Aaron Judge,Aaron Judge_2017 topps chrome psa 10,2023-06-14 20:00:00+00:00,75.6
Aaron Judge,Aaron Judge_2017 topps chrome psa 10,2023-07-02 23:13:00+00:00,126.0
Aaron Judge,Aaron Judge_2017 topps chrome psa 10,2023-07-05 20:00:00+00:00,106.8
Aaron Judge,Aaron Judge_2017 topps chrome psa 10,2023-07-05 20:00:00+00:00,121.2
Aaron Judge,Aaron Judge_2017 topps chrome psa 10,2023-07-09 23:19:00+00:00,132.0
Aaron Judge,Aaron Judge_2017 topps chrome psa 10,2023-07-16 16:00:00+00:00,208.85
Aaron Judge,Aaron Judge_2017 topps chrome psa 10,2023-07-16 23:10:00+00:00,120.0
Aaron Judge,Aaron Judge_2017 topps chrome psa 10,2023-08-02 20:00:00+00:00,110.4
Aaron Judge,Aaron Judge_2017 topps chrome psa 10,2023-08-06 23:20:00+00:00,108.0
Aaron Judge,Aaron Judge_2017 topps chrome psa 10,2023-08-16 20:00:00+00:00,100.8
Aaron Judge,Aaron Judge_2017 topps chrome psa 10,2023-08-16 20:00:00+00:00,93.6
Aaron Judge,Aaron Judge_2017 topps chrome psa 10,2023-08-30 20:00:00+00:00,121.2
Aaron Judge,Aaron Judge_2017 topps chrome psa 10,2023-08-30 20:00:00+00:00,104.4
Aaron Judge,Aaron Judge_2017 topps chrome psa 10,2023-09-27 20:00:00+00:00,98.4
Aaron Judge,Aaron Judge_2017 topps chrome psa 10,2023-09-27 20:00:00+00:00,86.4
Aaron Judge,Aaron Judge_2017 topps chrome psa 10,2023-10-04 20:00:00+00:00,98.82
Aaron Judge,Aaron Judge_2017 topps chrome psa 10,2023-10-22 23:17:00+00:00,93.6
Aaron Judge,Aaron Judge_2017 topps chrome psa 10,2023-11-29 20:40:33+00:00,99.0
Aaron Judge,Aaron Judge_2017 topps chrome psa 10,2023-12-14 23:11:19+00:00,99.0
Aaron Judge,Aaron Judge_2017 topps chrome psa 10,2024-01-24 19:00:00+00:00,129.32
Aaron Judge,Aaron Judge_2017 topps chrome psa 10,2024-01-28 18:01:46+00:00,99.0
Aaron Judge,Aaron Judge_2017 topps chrome psa 10,2024-03-06 19:00:00+00:00,122.0
Aaron Judge,Aaron Judge_2017 topps chrome psa 10,2024-03-13 20:00:00+00:00,79.3
Aaron Judge,Aaron Judge_2017 topps chrome psa 10,2024-03-24 23:21:00+00:00,138.0
Aaron Judge,Aaron Judge_2017 topps chrome psa 10,2024-03-24 23:21:00+00:00,132.0
Aaron Judge,Aaron Judge_2017 topps chrome psa 10,2024-03-31 23:23:00+00:00,86.4
Aaron Judge,Aaron Judge_2017 topps chrome psa 10,2024-04-13 22:18:10+00:00,295.0
Aaron Judge,Aaron Judge_2017 topps chrome psa 10,2024-04-18 22:15:12+00:00,156.16
Aaron Judge,Aaron Judge_2017 topps chrome psa 10,2024-05-05 23:18:00+00:00,84.0
Aaron Judge,Aaron Judge_2017 topps chrome psa 10,2024-05-12 23:22:00+00:00,79.2
Aaron Judge,Aaron Judge_2017 topps chrome psa 10,2024-05-19 18:00:00+00:00,159.0
Aaron Judge,Aaron Judge_2017 topps chrome psa 10,2024-05-23 22:15:02+00:00,80.52
Aaron Judge,Aaron Judge_2017 topps chrome psa 10,2024-05-23 22:15:08+00:00,74.42
Aaron Judge,Aaron Judge_2017 topps chrome psa 10,2024-05-26 23:20:00+00:00,300.0
Aaron Judge,Aaron Judge_2017 topps chrome psa 10,2024-06-02 23:17:00+00:00,98.4
Aaron Judge,Aaron Judge_2017 topps chrome psa 10,2024-08-01 22:25:41+00:00,195.2
Aaron Judge,Aaron Judge_2017 topps chrome psa 10,2024-10-02 16:00:00+00:00,205.91
Aaron Judge,Aaron Judge_2017 topps chrome psa 10,2024-10-10 22:41:45+00:00,163.48
Aaron Judge,Aaron Judge_2017 topps chrome psa 10,2024-10-27 23:17:00+00:00,115.2
Aaron Judge,Aaron Judge_2017 topps chrome psa 10,2024-11-10 23:17:00+00:00,138.0
Aaron Judge,Aaron Judge_2017 topps chrome psa 10,2024-11-21 22:18:56+00:00,173.24
Aaron Judge,Aaron Judge_2017 topps chrome psa 10,2024-12-08 23:12:00+00:00,138.0
Aaron Judge,Aaron Judge_2017 topps chrome psa 10,2024-12-10 10:17:50+00:00,165.0
Aaron Judge,Aaron Judge_2017 topps chrome psa 10,2024-12-18 19:38:47+00:00,188.0
Aaron Judge,Aaron Judge_2017 topps chrome psa 10,2025-01-18 18:49:52+00:00,184.0
Aaron Judge,Aaron Judge_2017 topps chrome psa 10,2025-03-30 23:20:00+00:00,156.0
Aaron Judge,Aaron Judge_2017 topps chrome psa 10,2025-04-05 23:20:15+00:00,225.0
Aaron Judge,Aaron Judge_2017 topps chrome psa 10,2025-04-13 23:12:00+00:00,192.0
Aaron Judge,Aaron Judge_2017 topps chrome psa 10,2025-04-13 23:12:00+00:00,222.0
Aaron Judge,Aaron Judge_2017 topps chrome psa 10,2025-04-20 23:20:00+00:00,192.0
Aaron Judge,Aaron Judge_2017 topps chrome psa 10,2025-05-11 06:37:52+00:00,225.0
Aaron Judge,Aaron Judge_2017 topps chrome psa 10,2025-06-01 23:21:00+00:00,252.0
Aaron Judge,Aaron Judge_2017 topps chrome psa 10,2025-06-08 16:00:00+00:00,285.01
Aaron Judge,Aaron Judge_2017 topps chrome psa 10,2025-06-08 23:19:00+00:00,396.0
Aaron Judge,Aaron Judge_2017 topps chrome psa 10,2025-06-15 23:21:00+00:00,300.0
Aaron Judge,Aaron Judge_2017 topps chrome psa 10,2025-06-19 22:30:04+00:00,213.5
Aaron Judge,Aaron Judge_2017 topps chrome psa 10,2025-07-06 23:17:00+00:00,288.0
Aaron Judge,Aaron Judge_2017 topps chrome psa 10,2025-07-09 16:00:00+00:00,345.15
Aaron Judge,Aaron Judge_2017 topps chrome psa 10,2025-07-13 23:12:00+00:00,240.0
Aaron Judge,Aaron Judge_2017 topps chrome psa 10,2025-07-19 20:17:58+00:00,339.0
Aaron Judge,Aaron Judge_2017 topps chrome psa 10,2025-07-20 23:17:00+00:00,300.0
Aaron Judge,Aaron Judge_2017 topps chrome psa 10,2025-07-20 23:17:00+00:00,276.0
Aaron Judge,Aaron Judge_2017 topps chrome psa 10,2025-07-20 23:17:00+00:00,288.0
Aaron Judge,Aaron Judge_2017 topps chrome psa 10,2025-08-02 17:38:16+00:00,207.09
Aaron Judge,Aaron Judge_2017 topps chrome psa 10,2025-10-05 23:23:00+00:00,288.0
Aaron Judge,Aaron Judge_2017 topps chrome psa 10,2025-12-03 15:31:52+00:00,383.76
Aaron Judge,Aaron Judge_2017 topps chrome psa 10,2025-12-17 08:12:19+00:00,364.86
Aaron Judge,Aaron Judge_2017 topps chrome psa 10,2026-01-21 15:00:00+00:00,462.15
Aaron Judge,Aaron Judge_2017 topps chrome psa 10,2026-01-28 10:04:15+00:00,432.43
Aaron Judge,Aaron Judge_2017 topps chrome psa 10,2026-02-17 21:32:00+00:00,362.0
Aaron Judge,Aaron Judge_2017 topps chrome psa 10,2026-02-20 01:37:31+00:00,284.0
Aaron Judge,Aaron Judge_2017 topps chrome psa 10,2026-03-15 23:12:00+00:00,396.0
Aaron Judge,Aaron Judge_2017 topps chrome psa 10,2026-03-15 23:12:00+00:00,384.0
Aaron Judge,Aaron Judge_2017 topps chrome psa 10,2026-03-15 23:12:00+00:00,408.0
Aaron Judge,Aaron Judge_2017 topps chrome psa 10,2026-04-03 16:43:28+00:00,410.0
Aaron Judge,Aaron Judge_2017 topps chrome psa 10,2026-04-03 17:01:40+00:00,450.0
Aaron Judge,Aaron Judge_2017 topps chrome psa 10,2026-04-03 18:12:43+00:00,459.99
Aaron Judge,Aaron Judge_2017 topps chrome psa 10,2026-04-04 00:15:11+00:00,425.0
Aaron Judge,Aaron Judge_2017 topps chrome psa 10,2026-04-04 07:15:13+00:00,400.0
Aaron Judge,Aaron Judge_2017 topps chrome psa 10,2026-04-05 20:02:30+00:00,435.0
Aaron Judge,Aaron Judge_2017 topps chrome psa 10,2026-04-05 22:09:18+00:00,400.0
Aaron Judge,Aaron Judge_2017 topps chrome psa 10,2026-04-05 22:49:09+00:00,400.0
Aaron Judge,Aaron Judge_2017 topps chrome psa 10,2026-04-06 00:34:45+00:00,425.0
Aaron Judge,Aaron Judge_2017 topps chrome psa 10,2026-04-06 11:51:24+00:00,410.0
Aaron Judge,Aaron Judge_2017 topps chrome psa 10,2026-04-06 17:31:29+00:00,449.99
Aaron Judge,Aaron Judge_2017 topps chrome psa 10,2026-04-06 21:04:44+00:00,416.0
Aaron Judge,Aaron Judge_2017 topps chrome psa 10,2026-04-07 00:29:06+00:00,440.0
Aaron Judge,Aaron Judge_2017 topps chrome psa 10,2026-04-09 21:55:00+00:00,410.0
Aaron Judge,Aaron Judge_2017 topps chrome psa 10,2026-04-09 23:13:46+00:00,425.0
Aaron Judge,Aaron Judge_2017 topps chrome psa 10,2026-04-10 00:25:06+00:00,430.0
Aaron Judge,Aaron Judge_2017 topps chrome psa 10,2026-04-10 00:59:47+00:00,420.0
Aaron Judge,Aaron Judge_2017 topps chrome psa 10,2026-04-10 21:53:00+00:00,416.52
Aaron Judge,Aaron Judge_2017 topps chrome psa 10,2026-04-11 10:07:49+00:00,449.99
Aaron Judge,Aaron Judge_2017 topps chrome psa 10,2026-04-11 11:17:04+00:00,435.0
Aaron Judge,Aaron Judge_2017 topps chrome psa 10,2026-04-11 20:38:01+00:00,410.0
Aaron Judge,Aaron Judge_2017 topps chrome psa 10,2026-04-11 21:43:48+00:00,390.0
Aaron Judge,Aaron Judge_2017 topps chrome psa 10,2026-04-11 22:00:00+00:00,405.0
Aaron Judge,Aaron Judge_2017 topps chrome psa 10,2026-04-12 09:25:37+00:00,419.99
Aaron Judge,Aaron Judge_2017 topps chrome psa 10,2026-04-12 13:24:01+00:00,377.63
Aaron Judge,Aaron Judge_2017 topps chrome psa 10,2026-04-12 16:00:00+00:00,399.26
Aaron Judge,Aaron Judge_2017 topps chrome psa 10,2026-04-13 12:55:07+00:00,399.99
Aaron Judge,Aaron Judge_2017 topps chrome psa 10,2026-04-13 21:24:00+00:00,395.0
Aaron Judge,Aaron Judge_2017 topps chrome psa 10,2026-04-13 22:37:01+00:00,411.0
Aaron Judge,Aaron Judge_2017 topps chrome psa 10,2026-04-14 10:41:22+00:00,579.99
Aaron Judge,Aaron Judge_2017 topps chrome psa 10,2026-04-14 14:02:48+00:00,388.0
Aaron Judge,Aaron Judge_2017 topps chrome psa 10,2026-04-14 14:10:17+00:00,458.0
Aaron Judge,Aaron Judge_2017 topps chrome psa 10,2026-04-14 20:42:00+00:00,418.0
Aaron Judge,Aaron Judge_2017 topps chrome psa 10,2026-04-30 10:00:28+00:00,567.57
Aaron Judge,Aaron Judge_2017 topps chrome psa 10,2026-07-16 10:00:33+00:00,480.82
Aaron Judge,Aaron Judge_2017 topps chrome psa 10,2026-07-17 19:29:18+00:00,332.92
Aaron Judge,Aaron Judge_2017 topps chrome psa 10,2026-07-18 14:40:07+00:00,480.82
Aaron Judge,Aaron Judge_2017 topps chrome psa 10,2026-05-15 00:00:00+00:00,409.98
Aaron Judge,Aaron Judge_2017 topps chrome psa 10,2026-05-16 00:00:00+00:00,508.99
Aaron Judge,Aaron Judge_2017 topps chrome psa 10,2026-05-16 00:00:00+00:00,504.97
Aaron Judge,Aaron Judge_2017 topps chrome psa 10,2026-05-16 00:00:00+00:00,505.96
Aaron Judge,Aaron Judge_2017 topps chrome psa 10,2026-05-17 00:00:00+00:00,486.72
Aaron Judge,Aaron Judge_2017 topps chrome psa 10,2026-05-18 00:00:00+00:00,532.0
Aaron Judge,Aaron Judge_2017 topps chrome psa 10,2026-05-18 00:00:00+00:00,500.99
Aaron Judge,Aaron Judge_2017 topps chrome psa 10,2026-05-18 00:00:00+00:00,454.99
Aaron Judge,Aaron Judge_2017 topps chrome psa 10,2026-05-19 00:00:00+00:00,504.99
Aaron Judge,Aaron Judge_2017 topps chrome psa 10,2026-05-20 00:00:00+00:00,409.98
Aaron Judge,Aaron Judge_2017 topps chrome psa 10,2026-05-20 00:00:00+00:00,514.45
Aaron Judge,Aaron Judge_2017 topps chrome psa 10,2026-05-22 00:00:00+00:00,515.99
Aaron Judge,Aaron Judge_2017 topps chrome psa 10,2026-05-23 00:00:00+00:00,495.87
Aaron Judge,Aaron Judge_2017 topps chrome psa 10,2026-05-23 00:00:00+00:00,500.0
Aaron Judge,Aaron Judge_2017 topps chrome psa 10,2026-05-23 00:00:00+00:00,493.95
Aaron Judge,Aaron Judge_2017 topps chrome psa 10,2026-05-24 00:00:00+00:00,439.95
Aaron Judge,Aaron Judge_2017 topps chrome psa 10,2026-05-24 00:00:00+00:00,436.5
Aaron Judge,Aaron Judge_2017 topps chrome psa 10,2026-05-26 00:00:00+00:00,439.45
Aaron Judge,Aaron Judge_2017 topps chrome psa 10,2026-05-27 00:00:00+00:00,505.17
Aaron Judge,Aaron Judge_2017 topps chrome psa 10,2026-05-27 00:00:00+00:00,484.25
Aaron Judge,Aaron Judge_2017 topps chrome psa 10,2026-05-27 00:00:00+00:00,431.25
Aaron Judge,Aaron Judge_2017 topps chrome psa 10,2026-05-27 00:00:00+00:00,441.25
Aaron Judge,Aaron Judge_2017 topps chrome psa 10,2026-05-28 00:00:00+00:00,431.49
Aaron Judge,Aaron Judge_2017 topps chrome psa 10,2026-05-30 00:00:00+00:00,465.99
Aaron Judge,Aaron Judge_2017 topps chrome psa 10,2026-05-30 00:00:00+00:00,455.99
Aaron Judge,Aaron Judge_2017 topps chrome psa 10,2026-05-30 00:00:00+00:00,503.99
Aaron Judge,Aaron Judge_2017 topps chrome psa 10,2026-05-30 00:00:00+00:00,462.0
Aaron Judge,Aaron Judge_2017 topps chrome psa 10,2026-05-31 00:00:00+00:00,444.99
Aaron Judge,Aaron Judge_2017 topps chrome psa 10,2026-05-31 00:00:00+00:00,440.99
Aaron Judge,Aaron Judge_2017 topps chrome psa 10,2026-05-31 00:00:00+00:00,441.0
Aaron Judge,Aaron Judge_2017 topps chrome psa 10,2026-05-31 00:00:00+00:00,451.0
Aaron Judge,Aaron Judge_2017 topps chrome psa 10,2026-06-03 00:00:00+00:00,604.99
Aaron Judge,Aaron Judge_2017 topps chrome psa 10,2026-06-06 00:00:00+00:00,535.99
Aaron Judge,Aaron Judge_2017 topps chrome psa 10,2026-06-06 00:00:00+00:00,513.22
Aaron Judge,Aaron Judge_2017 topps chrome psa 10,2026-06-07 00:00:00+00:00,506.24
Aaron Judge,Aaron Judge_2017 topps chrome psa 10,2026-06-07 00:00:00+00:00,450.0
Aaron Judge,Aaron Judge_2017 topps chrome psa 10,2026-06-08 00:00:00+00:00,474.99
Aaron Judge,Aaron Judge_2017 topps chrome psa 10,2026-06-14 00:00:00+00:00,463.76
Aaron Judge,Aaron Judge_2017 topps chrome psa 10,2026-06-14 00:00:00+00:00,471.0
Aaron Judge,Aaron Judge_2017 topps chrome psa 10,2026-06-15 00:00:00+00:00,487.26
Aaron Judge,Aaron Judge_2017 topps chrome psa 10,2026-06-15 00:00:00+00:00,486.24
Aaron Judge,Aaron Judge_2017 topps chrome psa 10,2026-06-17 00:00:00+00:00,507.78
Aaron Judge,Aaron Judge_2017 topps chrome psa 10,2026-06-17 00:00:00+00:00,463.95
Aaron Judge,Aaron Judge_2017 topps chrome psa 10,2026-06-18 00:00:00+00:00,425.01
Aaron Judge,Aaron Judge_2017 topps chrome psa 10,2026-06-20 00:00:00+00:00,555.99
Aaron Judge,Aaron Judge_2017 topps chrome psa 10,2026-06-23 00:00:00+00:00,464.25
Aaron Judge,Aaron Judge_2017 topps chrome psa 10,2026-06-23 00:00:00+00:00,465.94
Aaron Judge,Aaron Judge_2017 topps chrome psa 10,2026-06-23 00:00:00+00:00,581.06
Aaron Judge,Aaron Judge_2017 topps chrome psa 10,2026-06-24 00:00:00+00:00,465.94
Aaron Judge,Aaron Judge_2017 topps chrome psa 10,2026-06-25 00:00:00+00:00,465.03
Aaron Judge,Aaron Judge_2017 topps chrome psa 10,2026-06-25 00:00:00+00:00,399.0
Aaron Judge,Aaron Judge_2017 topps chrome psa 10,2026-06-25 00:00:00+00:00,437.0
Aaron Judge,Aaron Judge_2017 topps chrome psa 10,2026-06-27 00:00:00+00:00,465.94
Aaron Judge,Aaron Judge_2017 topps chrome psa 10,2026-06-28 00:00:00+00:00,417.0
Aaron Judge,Aaron Judge_2017 topps chrome psa 10,2026-06-28 00:00:00+00:00,425.97
Aaron Judge,Aaron Judge_2017 topps chrome psa 10,2026-07-02 00:00:00+00:00,465.95
Aaron Judge,Aaron Judge_2017 topps chrome psa 10,2026-07-03 00:00:00+00:00,465.94
Aaron Judge,Aaron Judge_2017 topps chrome psa 10,2026-07-03 00:00:00+00:00,455.98
Aaron Judge,Aaron Judge_2017 topps chrome psa 10,2026-07-06 00:00:00+00:00,384.99
Aaron Judge,Aaron Judge_2017 topps chrome psa 10,2026-07-09 00:00:00+00:00,435.99
Aaron Judge,Aaron Judge_2017 topps chrome psa 10,2026-07-10 00:00:00+00:00,455.97
Aaron Judge,Aaron Judge_2017 topps chrome psa 10,2026-07-12 00:00:00+00:00,430.4
Aaron Judge,Aaron Judge_2017 topps chrome psa 10,2026-07-12 00:00:00+00:00,386.95
Aaron Judge,Aaron Judge_2017 topps chrome psa 10,2026-07-12 00:00:00+00:00,406.96
Aaron Judge,Aaron Judge_2017 topps chrome psa 10,2026-07-13 00:00:00+00:00,399.99
Aaron Judge,Aaron Judge_2017 topps chrome psa 10,2026-07-14 00:00:00+00:00,379.99
Aaron Judge,Aaron Judge_2017 topps chrome psa 10,2026-07-14 00:00:00+00:00,409.0
Aaron Judge,Aaron Judge_2017 topps chrome psa 10,2026-07-16 00:00:00+00:00,455.98
Aaron Judge,Aaron Judge_2017 topps chrome psa 10,2026-07-16 00:00:00+00:00,391.0
Aaron Judge,Aaron Judge_2017 topps chrome psa 10,2026-07-18 00:00:00+00:00,410.97
Aaron Judge,Aaron Judge_2017 topps chrome psa 10,2026-07-19 00:00:00+00:00,394.99
Aaron Judge,Aaron Judge_2017 topps chrome psa 10,2026-07-19 00:00:00+00:00,376.95
Aaron Judge,Aaron Judge_2017 topps chrome psa 10,2026-07-19 00:00:00+00:00,390.99
Aaron Judge,Aaron Judge_2017 topps chrome psa 10,2026-07-19 00:00:00+00:00,409.0
Aaron Judge,Aaron Judge_2017 topps chrome psa 10,2026-07-20 00:00:00+00:00,385.94
Aaron Judge,Aaron Judge_2017 topps chrome psa 10,2026-07-20 00:00:00+00:00,380.95
Aaron Judge,Aaron Judge_2017 topps chrome psa 10,2026-07-21 00:00:00+00:00,410.45
Aaron Judge,Aaron Judge_2017 topps chrome psa 10,2026-07-22 00:00:00+00:00,392.99
Aaron Judge,Aaron Judge_2017 topps chrome psa 10,2026-07-23 00:00:00+00:00,409.0
Aaron Judge,Aaron Judge_2017 topps chrome psa 10,2026-07-24 00:00:00+00:00,410.0
Aaron Judge,Aaron Judge_2017 topps chrome psa 10,2026-07-24 00:00:00+00:00,405.96
Aaron Judge,Aaron Judge_2017 topps chrome psa 10,2026-07-26 00:00:00+00:00,399.5
Aaron Judge,Aaron Judge_2017 topps chrome psa 10,2026-07-27 00:00:00+00:00,402.95
Aaron Judge,Aaron Judge_2017 topps chrome psa 10,2026-07-29 00:00:00+00:00,432.9
Aaron Judge,Aaron Judge_2017 topps chrome psa 10,2026-07-31 00:00:00+00:00,455.4
Aaron Judge,Aaron Judge_2017 topps chrome psa 10,2026-07-31 00:00:00+00:00,405.9
Aaron Judge,Aaron Judge_2017 topps chrome psa 10,2026-08-02 00:00:00+00:00,435.62
Aaron Judge,Aaron Judge_2017 topps chrome psa 10,2026-08-03 00:00:00+00:00,413.75
Aaron Judge,Aaron Judge_2017 topps chrome psa 10,2026-08-05 00:00:00+00:00,415.05
Aaron Judge,Aaron Judge_2017 topps chrome psa 10,2026-08-06 00:00:00+00:00,454.99
Aaron Judge,Aaron Judge_2017 topps chrome psa 10,2026-08-08 00:00:00+00:00,439.99
Aaron Judge,Aaron Judge_2017 topps chrome psa 10,2026-08-10 00:00:00+00:00,435.0
Aaron Judge,Aaron Judge_2017 topps chrome psa 10,2026-08-10 00:00:00+00:00,465.76
Aaron Judge,Aaron Judge_2017 topps chrome psa 10,2026-08-11 00:00:00+00:00,415.99
Alex Verdugo,Alex Verdugo_2018 topps chrome psa 10,2020-10-18 23:00:41+00:00,27.0
Alex Verdugo,Alex Verdugo_2018 topps chrome psa 10,2021-06-09 20:45:48+00:00,55.0
Alex Verdugo,Alex Verdugo_2018 topps chrome psa 10,2023-04-23 23:14:00+00:00,10.8
Alex Verdugo,Alex Verdugo_2018 topps chrome psa 10,2023-06-11 23:16:00+00:00,7.2
Alex Verdugo,Alex Verdugo_2018 topps chrome psa 10,2023-07-02 08:11:08+00:00,19.0
Alex Verdugo,Alex Verdugo_2018 topps chrome psa 10,2025-01-13 05:46:06+00:00,9.0
Bo Bichette,Bo Bichette_2020 topps chrome psa 10,2020-12-15 23:55:34+00:00,72.32
Bo Bichette,Bo Bichette_2020 topps chrome psa 10,2021-01-14 23:54:16+00:00,167.87
Bo Bichette,Bo Bichette_2020 topps chrome psa 10,2021-02-16 23:51:42+00:00,160.05
Bo Bichette,Bo Bichette_2020 topps chrome psa 10,2021-04-17 23:51:58+00:00,181.5
Bo Bichette,Bo Bichette_2020 topps chrome psa 10,2021-05-19 23:54:53+00:00,157.5
Bo Bichette,Bo Bichette_2020 topps chrome psa 10,2021-05-19 23:54:56+00:00,92.67
Bo Bichette,Bo Bichette_2020 topps chrome psa 10,2021-05-19 23:55:03+00:00,112.5
Bo Bichette,Bo Bichette_2020 topps chrome psa 10,2021-05-19 23:55:07+00:00,91.0
Bo Bichette,Bo Bichette_2020 topps chrome psa 10,2021-05-19 23:55:10+00:00,78.77
Bo Bichette,Bo Bichette_2020 topps chrome psa 10,2021-05-19 23:55:15+00:00,78.0
Bo Bichette,Bo Bichette_2020 topps chrome psa 10,2021-06-18 23:39:27+00:00,76.0
Bo Bichette,Bo Bichette_2020 topps chrome psa 10,2021-06-18 23:39:32+00:00,66.0
Bo Bichette,Bo Bichette_2020 topps chrome psa 10,2021-06-18 23:39:37+00:00,56.0
Bo Bichette,Bo Bichette_2020 topps chrome psa 10,2021-06-30 21:51:10+00:00,67.0
Bo Bichette,Bo Bichette_2020 topps chrome psa 10,2021-06-30 21:51:12+00:00,62.0
Bo Bichette,Bo Bichette_2020 topps chrome psa 10,2021-06-30 21:51:14+00:00,56.0
Bo Bichette,Bo Bichette_2020 topps chrome psa 10,2021-06-30 21:51:16+00:00,57.01
Bo Bichette,Bo Bichette_2020 topps chrome psa 10,2021-06-30 21:51:17+00:00,61.0
Bo Bichette,Bo Bichette_2020 topps chrome psa 10,2021-07-20 06:31:12+00:00,69.0
Bo Bichette,Bo Bichette_2020 topps chrome psa 10,2021-07-21 00:33:11+00:00,69.0
Bo Bichette,Bo Bichette_2020 topps chrome psa 10,2021-10-24 23:17:00+00:00,44.0
Bo Bichette,Bo Bichette_2020 topps chrome psa 10,2021-10-24 23:17:00+00:00,43.0
Bo Bichette,Bo Bichette_2020 topps chrome psa 10,2021-10-29 23:15:00+00:00,52.0
Bo Bichette,Bo Bichette_2020 topps chrome psa 10,2021-11-19 23:21:00+00:00,47.0
Bo Bichette,Bo Bichette_2020 topps chrome psa 10,2021-11-19 23:21:00+00:00,62.0
Bo Bichette,Bo Bichette_2020 topps chrome psa 10,2021-11-19 23:21:00+00:00,60.0
Bo Bichette,Bo Bichette_2020 topps chrome psa 10,2021-11-19 23:21:00+00:00,50.0
Bo Bichette,Bo Bichette_2020 topps chrome psa 10,2021-11-19 23:21:00+00:00,52.0
Bo Bichette,Bo Bichette_2020 topps chrome psa 10,2022-01-10 10:33:23+00:00,65.0
Bo Bichette,Bo Bichette_2020 topps chrome psa 10,2022-01-23 23:10:00+00:00,58.8
Bo Bichette,Bo Bichette_2020 topps chrome psa 10,2022-01-30 23:24:00+00:00,74.4
Bo Bichette,Bo Bichette_2020 topps chrome psa 10,2022-02-06 23:19:00+00:00,55.2
Bo Bichette,Bo Bichette_2020 topps chrome psa 10,2022-02-10 15:00:00+00:00,76.37
Bo Bichette,Bo Bichette_2020 topps chrome psa 10,2022-02-13 23:19:00+00:00,62.4
Bo Bichette,Bo Bichette_2020 topps chrome psa 10,2022-02-27 22:50:00+00:00,52.8
Bo Bichette,Bo Bichette_2020 topps chrome psa 10,2022-02-27 22:50:00+00:00,58.8
Bo Bichette,Bo Bichette_2020 topps chrome psa 10,2022-02-27 22:50:00+00:00,55.2
Bo Bichette,Bo Bichette_2020 topps chrome psa 10,2022-03-03 11:30:00+00:00,43.2
Bo Bichette,Bo Bichette_2020 topps chrome psa 10,2022-03-13 16:00:00+00:00,58.24
Bo Bichette,Bo Bichette_2020 topps chrome psa 10,2022-03-16 16:00:00+00:00,117.2
Bo Bichette,Bo Bichette_2020 topps chrome psa 10,2022-03-16 16:00:00+00:00,263.45
Bo Bichette,Bo Bichette_2020 topps chrome psa 10,2022-04-03 23:23:00+00:00,49.2
Bo Bichette,Bo Bichette_2020 topps chrome psa 10,2022-04-17 23:19:00+00:00,49.2
Bo Bichette,Bo Bichette_2020 topps chrome psa 10,2022-04-24 23:22:00+00:00,43.2
Bo Bichette,Bo Bichette_2020 topps chrome psa 10,2022-05-01 23:21:00+00:00,39.6
Bo Bichette,Bo Bichette_2020 topps chrome psa 10,2022-05-08 23:16:00+00:00,38.4
Bo Bichette,Bo Bichette_2020 topps chrome psa 10,2022-05-08 23:16:00+00:00,33.6
Bo Bichette,Bo Bichette_2020 topps chrome psa 10,2022-05-15 16:00:00+00:00,37.5
Bo Bichette,Bo Bichette_2020 topps chrome psa 10,2022-05-15 23:15:00+00:00,50.4
Bo Bichette,Bo Bichette_2020 topps chrome psa 10,2022-05-15 23:15:00+00:00,40.8
Bo Bichette,Bo Bichette_2020 topps chrome psa 10,2022-05-18 06:30:00+00:00,32.55
Bo Bichette,Bo Bichette_2020 topps chrome psa 10,2022-05-22 16:00:00+00:00,43.01
Bo Bichette,Bo Bichette_2020 topps chrome psa 10,2022-05-22 16:00:00+00:00,24.57
Bo Bichette,Bo Bichette_2020 topps chrome psa 10,2022-05-22 23:17:00+00:00,39.6
Bo Bichette,Bo Bichette_2020 topps chrome psa 10,2022-05-29 16:00:00+00:00,58.5
Bo Bichette,Bo Bichette_2020 topps chrome psa 10,2022-05-29 23:18:00+00:00,21.6
Bo Bichette,Bo Bichette_2020 topps chrome psa 10,2022-05-29 23:18:00+00:00,19.2
Bo Bichette,Bo Bichette_2020 topps chrome psa 10,2022-05-29 23:18:00+00:00,24.0
Bo Bichette,Bo Bichette_2020 topps chrome psa 10,2022-06-26 16:00:00+00:00,40.95
Bo Bichette,Bo Bichette_2020 topps chrome psa 10,2022-07-03 23:15:00+00:00,16.8
Bo Bichette,Bo Bichette_2020 topps chrome psa 10,2022-07-03 23:15:00+00:00,19.2
Bo Bichette,Bo Bichette_2020 topps chrome psa 10,2022-07-03 23:15:00+00:00,18.0
Bo Bichette,Bo Bichette_2020 topps chrome psa 10,2022-07-10 23:21:00+00:00,15.6
Bo Bichette,Bo Bichette_2020 topps chrome psa 10,2022-07-10 23:21:00+00:00,14.4
Bo Bichette,Bo Bichette_2020 topps chrome psa 10,2022-07-17 23:17:00+00:00,15.6
Bo Bichette,Bo Bichette_2020 topps chrome psa 10,2022-07-17 23:17:00+00:00,16.8
Bo Bichette,Bo Bichette_2020 topps chrome psa 10,2022-07-24 23:19:00+00:00,20.4
Bo Bichette,Bo Bichette_2020 topps chrome psa 10,2022-07-24 23:19:00+00:00,21.6
Bo Bichette,Bo Bichette_2020 topps chrome psa 10,2022-07-31 23:16:00+00:00,20.4
Bo Bichette,Bo Bichette_2020 topps chrome psa 10,2022-07-31 23:16:00+00:00,18.0
Bo Bichette,Bo Bichette_2020 topps chrome psa 10,2022-08-07 23:20:00+00:00,25.2
Bo Bichette,Bo Bichette_2020 topps chrome psa 10,2022-08-07 23:20:00+00:00,21.6
Bo Bichette,Bo Bichette_2020 topps chrome psa 10,2022-08-14 23:19:00+00:00,18.0
Bo Bichette,Bo Bichette_2020 topps chrome psa 10,2022-08-21 23:20:00+00:00,37.2
Bo Bichette,Bo Bichette_2020 topps chrome psa 10,2022-08-21 23:20:00+00:00,20.4
Bo Bichette,Bo Bichette_2020 topps chrome psa 10,2022-09-04 23:33:00+00:00,12.0
Bo Bichette,Bo Bichette_2020 topps chrome psa 10,2022-09-18 23:21:00+00:00,21.6
Bo Bichette,Bo Bichette_2020 topps chrome psa 10,2022-09-25 23:19:00+00:00,19.2
Bo Bichette,Bo Bichette_2020 topps chrome psa 10,2022-09-25 23:19:00+00:00,20.4
Bo Bichette,Bo Bichette_2020 topps chrome psa 10,2022-09-25 23:19:00+00:00,18.0
Bo Bichette,Bo Bichette_2020 topps chrome psa 10,2022-10-02 23:17:00+00:00,25.2
Bo Bichette,Bo Bichette_2020 topps chrome psa 10,2022-10-02 23:17:00+00:00,37.2
Bo Bichette,Bo Bichette_2020 topps chrome psa 10,2022-10-02 23:17:00+00:00,31.2
Bo Bichette,Bo Bichette_2020 topps chrome psa 10,2022-10-12 00:05:38+00:00,30.0
Bo Bichette,Bo Bichette_2020 topps chrome psa 10,2022-10-16 23:22:00+00:00,16.8
Bo Bichette,Bo Bichette_2020 topps chrome psa 10,2022-10-23 16:00:00+00:00,30.71
Bo Bichette,Bo Bichette_2020 topps chrome psa 10,2022-10-30 16:00:00+00:00,36.86
Bo Bichette,Bo Bichette_2020 topps chrome psa 10,2022-11-06 15:00:00+00:00,30.71
Bo Bichette,Bo Bichette_2020 topps chrome psa 10,2022-11-09 15:30:00+00:00,41.77
Bo Bichette,Bo Bichette_2020 topps chrome psa 10,2022-11-13 23:27:00+00:00,22.8
Bo Bichette,Bo Bichette_2020 topps chrome psa 10,2022-11-16 15:00:00+00:00,30.71
Bo Bichette,Bo Bichette_2020 topps chrome psa 10,2022-11-21 15:00:00+00:00,30.71
Bo Bichette,Bo Bichette_2020 topps chrome psa 10,2022-11-27 14:10:00+00:00,40.54
Bo Bichette,Bo Bichette_2020 topps chrome psa 10,2022-11-28 15:00:00+00:00,42.12
Bo Bichette,Bo Bichette_2020 topps chrome psa 10,2022-11-30 15:00:00+00:00,14.74
Bo Bichette,Bo Bichette_2020 topps chrome psa 10,2022-12-01 15:00:00+00:00,25.8
Bo Bichette,Bo Bichette_2020 topps chrome psa 10,2022-12-02 15:00:00+00:00,24.3
Bo Bichette,Bo Bichette_2020 topps chrome psa 10,2022-12-04 23:26:00+00:00,19.2
Bo Bichette,Bo Bichette_2020 topps chrome psa 10,2022-12-05 15:00:00+00:00,35.22
Bo Bichette,Bo Bichette_2020 topps chrome psa 10,2022-12-06 15:00:00+00:00,39.31
Bo Bichette,Bo Bichette_2020 topps chrome psa 10,2022-12-07 15:00:00+00:00,18.43
Bo Bichette,Bo Bichette_2020 topps chrome psa 10,2022-12-08 15:00:00+00:00,27.03
Bo Bichette,Bo Bichette_2020 topps chrome psa 10,2022-12-09 15:00:00+00:00,27.03
Bo Bichette,Bo Bichette_2020 topps chrome psa 10,2022-12-09 15:00:00+00:00,22.11
Bo Bichette,Bo Bichette_2020 topps chrome psa 10,2022-12-10 15:00:00+00:00,19.93
Bo Bichette,Bo Bichette_2020 topps chrome psa 10,2022-12-11 23:13:00+00:00,18.0
Bo Bichette,Bo Bichette_2020 topps chrome psa 10,2023-01-08 23:14:00+00:00,20.4
Bo Bichette,Bo Bichette_2020 topps chrome psa 10,2023-02-12 23:20:00+00:00,19.2
Bo Bichette,Bo Bichette_2020 topps chrome psa 10,2023-03-12 23:18:00+00:00,25.2
Bo Bichette,Bo Bichette_2020 topps chrome psa 10,2023-03-12 23:18:00+00:00,22.8
Bo Bichette,Bo Bichette_2020 topps chrome psa 10,2023-03-26 16:00:00+00:00,40.54
Bo Bichette,Bo Bichette_2020 topps chrome psa 10,2023-03-26 23:24:00+00:00,20.4
Bo Bichette,Bo Bichette_2020 topps chrome psa 10,2023-03-29 20:00:00+00:00,32.4
Bo Bichette,Bo Bichette_2020 topps chrome psa 10,2023-04-02 23:31:00+00:00,15.6
Bo Bichette,Bo Bichette_2020 topps chrome psa 10,2023-04-09 23:31:00+00:00,22.8
Bo Bichette,Bo Bichette_2020 topps chrome psa 10,2023-04-09 23:31:00+00:00,21.6
Bo Bichette,Bo Bichette_2020 topps chrome psa 10,2023-04-16 16:00:00+00:00,24.57
Bo Bichette,Bo Bichette_2020 topps chrome psa 10,2023-04-16 23:23:00+00:00,24.0
Bo Bichette,Bo Bichette_2020 topps chrome psa 10,2023-04-16 23:23:00+00:00,25.2
Bo Bichette,Bo Bichette_2020 topps chrome psa 10,2023-04-19 20:00:00+00:00,62.4
Bo Bichette,Bo Bichette_2020 topps chrome psa 10,2023-04-20 16:00:00+00:00,29.54
Bo Bichette,Bo Bichette_2020 topps chrome psa 10,2023-04-26 16:00:00+00:00,58.5
Bo Bichette,Bo Bichette_2020 topps chrome psa 10,2023-04-30 15:00:00+00:00,40.95
Bo Bichette,Bo Bichette_2020 topps chrome psa 10,2023-05-13 16:00:00+00:00,26.42
Bo Bichette,Bo Bichette_2020 topps chrome psa 10,2023-05-14 23:17:00+00:00,20.4
Bo Bichette,Bo Bichette_2020 topps chrome psa 10,2023-05-21 23:18:00+00:00,18.0
Bo Bichette,Bo Bichette_2020 topps chrome psa 10,2023-05-21 23:18:00+00:00,16.8
Bo Bichette,Bo Bichette_2020 topps chrome psa 10,2023-05-24 20:00:00+00:00,28.8
Bo Bichette,Bo Bichette_2020 topps chrome psa 10,2023-05-24 20:00:00+00:00,20.4
Bo Bichette,Bo Bichette_2020 topps chrome psa 10,2023-05-24 20:00:00+00:00,22.8
Bo Bichette,Bo Bichette_2020 topps chrome psa 10,2023-05-28 23:12:00+00:00,27.6
Bo Bichette,Bo Bichette_2020 topps chrome psa 10,2023-05-31 16:00:00+00:00,58.5
Bo Bichette,Bo Bichette_2020 topps chrome psa 10,2023-06-04 23:20:00+00:00,27.6
Bo Bichette,Bo Bichette_2020 topps chrome psa 10,2023-06-11 23:16:00+00:00,19.2
Bo Bichette,Bo Bichette_2020 topps chrome psa 10,2023-06-21 20:00:00+00:00,25.2
Bo Bichette,Bo Bichette_2020 topps chrome psa 10,2023-06-25 23:14:00+00:00,18.0
Bo Bichette,Bo Bichette_2020 topps chrome psa 10,2023-07-02 23:13:00+00:00,31.2
Bo Bichette,Bo Bichette_2020 topps chrome psa 10,2023-07-05 20:00:00+00:00,18.0
Bo Bichette,Bo Bichette_2020 topps chrome psa 10,2023-07-05 20:00:00+00:00,30.0
Bo Bichette,Bo Bichette_2020 topps chrome psa 10,2023-07-16 16:10:00+00:00,30.71
Bo Bichette,Bo Bichette_2020 topps chrome psa 10,2023-07-19 20:00:00+00:00,52.8
Bo Bichette,Bo Bichette_2020 topps chrome psa 10,2023-07-19 20:00:00+00:00,15.6
Bo Bichette,Bo Bichette_2020 topps chrome psa 10,2023-07-19 20:00:00+00:00,18.0
Bo Bichette,Bo Bichette_2020 topps chrome psa 10,2023-07-23 23:16:00+00:00,20.4
Bo Bichette,Bo Bichette_2020 topps chrome psa 10,2023-08-18 20:43:35+00:00,29.0
Bo Bichette,Bo Bichette_2020 topps chrome psa 10,2023-08-20 23:21:00+00:00,21.6
Bo Bichette,Bo Bichette_2020 topps chrome psa 10,2023-08-27 23:22:00+00:00,26.4
Bo Bichette,Bo Bichette_2020 topps chrome psa 10,2023-10-08 23:14:00+00:00,13.2
Bo Bichette,Bo Bichette_2020 topps chrome psa 10,2023-10-15 23:21:00+00:00,22.8
Bo Bichette,Bo Bichette_2020 topps chrome psa 10,2023-12-03 23:25:00+00:00,27.6
Bo Bichette,Bo Bichette_2020 topps chrome psa 10,2024-01-27 15:00:00+00:00,36.86
Bo Bichette,Bo Bichette_2020 topps chrome psa 10,2024-02-18 23:32:00+00:00,22.8
Bo Bichette,Bo Bichette_2020 topps chrome psa 10,2024-02-18 23:32:00+00:00,21.6
Bo Bichette,Bo Bichette_2020 topps chrome psa 10,2024-02-28 15:00:00+00:00,58.5
Bo Bichette,Bo Bichette_2020 topps chrome psa 10,2024-03-17 16:00:00+00:00,43.01
Bo Bichette,Bo Bichette_2020 topps chrome psa 10,2024-04-07 23:15:00+00:00,25.2
Bo Bichette,Bo Bichette_2020 topps chrome psa 10,2024-04-07 23:15:00+00:00,21.6
Bo Bichette,Bo Bichette_2020 topps chrome psa 10,2024-04-19 16:00:00+00:00,22.11
Bo Bichette,Bo Bichette_2020 topps chrome psa 10,2024-05-05 23:18:00+00:00,10.8
Bo Bichette,Bo Bichette_2020 topps chrome psa 10,2024-05-26 16:00:00+00:00,23.4
Bo Bichette,Bo Bichette_2020 topps chrome psa 10,2024-06-23 23:22:00+00:00,10.8
Bo Bichette,Bo Bichette_2020 topps chrome psa 10,2024-10-20 16:00:00+00:00,20.48
Bo Bichette,Bo Bichette_2020 topps chrome psa 10,2024-12-21 13:20:00+00:00,18.43
Bo Bichette,Bo Bichette_2020 topps chrome psa 10,2025-02-18 23:15:04+00:00,20.0
Bo Bichette,Bo Bichette_2020 topps chrome psa 10,2025-02-23 23:19:00+00:00,16.8
Bo Bichette,Bo Bichette_2020 topps chrome psa 10,2025-03-02 23:15:00+00:00,22.8
Bo Bichette,Bo Bichette_2020 topps chrome psa 10,2025-04-06 23:12:00+00:00,16.8
Bo Bichette,Bo Bichette_2020 topps chrome psa 10,2025-04-12 11:01:46+00:00,20.0
Bo Bichette,Bo Bichette_2020 topps chrome psa 10,2025-04-20 23:20:00+00:00,14.4
Bo Bichette,Bo Bichette_2020 topps chrome psa 10,2025-05-11 16:00:00+00:00,20.88
Bo Bichette,Bo Bichette_2020 topps chrome psa 10,2025-06-23 23:55:16+00:00,15.0
Bo Bichette,Bo Bichette_2020 topps chrome psa 10,2025-07-27 23:19:00+00:00,10.8
Bo Bichette,Bo Bichette_2020 topps chrome psa 10,2025-08-31 23:30:00+00:00,28.8
Bo Bichette,Bo Bichette_2020 topps chrome psa 10,2025-09-07 23:30:00+00:00,9.6
Bo Bichette,Bo Bichette_2020 topps chrome psa 10,2025-09-15 13:31:26+00:00,25.0
Bo Bichette,Bo Bichette_2020 topps chrome psa 10,2025-09-18 12:37:19+00:00,28.0
Bo Bichette,Bo Bichette_2020 topps chrome psa 10,2025-09-23 08:13:49+00:00,25.0
Bo Bichette,Bo Bichette_2020 topps chrome psa 10,2026-03-15 23:12:00+00:00,19.2
Bo Bichette,Bo Bichette_2020 topps chrome psa 10,2026-03-29 16:00:00+00:00,45.03
Bo Bichette,Bo Bichette_2020 topps chrome psa 10,2026-04-02 21:40:00+00:00,19.46
Bo Bichette,Bo Bichette_2020 topps chrome psa 10,2026-04-02 21:53:00+00:00,16.22
Bo Bichette,Bo Bichette_2020 topps chrome psa 10,2026-04-03 18:33:57+00:00,18.0
Bo Bichette,Bo Bichette_2020 topps chrome psa 10,2026-04-05 21:39:01+00:00,14.5
Bo Bichette,Bo Bichette_2020 topps chrome psa 10,2026-04-08 21:46:02+00:00,34.99
Bo Bichette,Bo Bichette_2020 topps chrome psa 10,2026-04-11 17:31:59+00:00,11.5
Bo Bichette,Bo Bichette_2020 topps chrome psa 10,2026-04-12 13:53:40+00:00,9.5
Bo Bichette,Bo Bichette_2020 topps chrome psa 10,2026-04-13 08:50:04+00:00,116.1
Bo Bichette,Bo Bichette_2020 topps chrome psa 10,2026-04-14 17:33:32+00:00,18.58
Bo Bichette,Bo Bichette_2020 topps chrome psa 10,2026-05-15 00:00:00+00:00,19.35
Bo Bichette,Bo Bichette_2020 topps chrome psa 10,2026-05-15 00:00:00+00:00,32.98
Bo Bichette,Bo Bichette_2020 topps chrome psa 10,2026-05-25 00:00:00+00:00,25.71
Bo Bichette,Bo Bichette_2020 topps chrome psa 10,2026-06-03 00:00:00+00:00,17.95
Bo Bichette,Bo Bichette_2020 topps chrome psa 10,2026-06-07 00:00:00+00:00,12.97
Bo Bichette,Bo Bichette_2020 topps chrome psa 10,2026-06-09 00:00:00+00:00,15.96
Bo Bichette,Bo Bichette_2020 topps chrome psa 10,2026-06-16 00:00:00+00:00,43.3
Bo Bichette,Bo Bichette_2020 topps chrome psa 10,2026-06-19 00:00:00+00:00,18.47
Bo Bichette,Bo Bichette_2020 topps chrome psa 10,2026-06-21 00:00:00+00:00,20.3
Bo Bichette,Bo Bichette_2020 topps chrome psa 10,2026-06-25 00:00:00+00:00,44.89
Bo Bichette,Bo Bichette_2020 topps chrome psa 10,2026-06-30 00:00:00+00:00,21.4
Bo Bichette,Bo Bichette_2020 topps chrome psa 10,2026-06-30 00:00:00+00:00,33.08
Bo Bichette,Bo Bichette_2020 topps chrome psa 10,2026-07-08 00:00:00+00:00,20.3
Bo Bichette,Bo Bichette_2020 topps chrome psa 10,2026-07-09 00:00:00+00:00,35.55
Bo Bichette,Bo Bichette_2020 topps chrome psa 10,2026-07-10 00:00:00+00:00,11.75
Bo Bichette,Bo Bichette_2020 topps chrome psa 10,2026-07-15 00:00:00+00:00,22.5
Bo Bichette,Bo Bichette_2020 topps chrome psa 10,2026-07-20 00:00:00+00:00,22.1
Bo Bichette,Bo Bichette_2020 topps chrome psa 10,2026-08-10 00:00:00+00:00,17.0
Bo Bichette,Bo Bichette_2020 topps chrome psa 10,2026-08-11 00:00:00+00:00,13.31
Brandon Lowe,Brandon Lowe_2019 topps chrome psa 10,2021-10-24 23:17:00+00:00,10.0
Brandon Lowe,Brandon Lowe_2019 topps chrome psa 10,2022-01-30 23:24:00+00:00,16.8
Brandon Lowe,Brandon Lowe_2019 topps chrome psa 10,2022-02-06 23:19:00+00:00,15.6
Brandon Lowe,Brandon Lowe_2019 topps chrome psa 10,2022-07-31 23:16:00+00:00,12.0
Brandon Lowe,Brandon Lowe_2019 topps chrome psa 10,2022-09-11 23:17:00+00:00,14.4
Brandon Lowe,Brandon Lowe_2019 topps chrome psa 10,2023-07-19 20:00:00+00:00,6.0
Brandon Lowe,Brandon Lowe_2019 topps chrome psa 10,2026-02-17 19:08:50+00:00,6.5
Brandon Lowe,Brandon Lowe_2019 topps chrome psa 10,2026-04-05 20:34:30+00:00,5.5
Brandon Lowe,Brandon Lowe_2019 topps chrome psa 10,2026-04-13 17:32:28+00:00,7.0
Bryce Harper,Bryce Harper_2012 topps chrome psa 10,2021-05-31 21:20:57+00:00,380.0
Bryce Harper,Bryce Harper_2012 topps chrome psa 10,2022-03-27 05:59:07+00:00,400.0
Bryce Harper,Bryce Harper_2012 topps chrome psa 10,2022-10-16 23:22:00+00:00,240.0
Bryce Harper,Bryce Harper_2012 topps chrome psa 10,2022-10-30 23:16:00+00:00,210.0
Bryce Harper,Bryce Harper_2012 topps chrome psa 10,2023-05-03 20:00:00+00:00,198.0
Bryce Harper,Bryce Harper_2012 topps chrome psa 10,2023-08-16 20:00:00+00:00,156.0
Bryce Harper,Bryce Harper_2012 topps chrome psa 10,2023-10-25 20:00:00+00:00,158.6
Bryce Harper,Bryce Harper_2012 topps chrome psa 10,2024-02-14 19:00:00+00:00,201.3
Bryce Harper,Bryce Harper_2012 topps chrome psa 10,2024-03-13 20:00:00+00:00,176.9
Bryce Harper,Bryce Harper_2012 topps chrome psa 10,2024-04-03 20:00:00+00:00,218.38
Bryce Harper,Bryce Harper_2012 topps chrome psa 10,2024-04-21 23:18:00+00:00,216.0
Bryce Harper,Bryce Harper_2012 topps chrome psa 10,2025-07-27 23:19:00+00:00,198.0
Bryce Harper,Bryce Harper_2012 topps chrome psa 10,2026-04-03 13:12:15+00:00,270.0
Bryce Harper,Bryce Harper_2012 topps chrome psa 10,2026-04-03 20:04:31+00:00,340.0
Bryce Harper,Bryce Harper_2012 topps chrome psa 10,2026-04-11 22:00:57+00:00,242.5
Cody Bellinger,Cody Bellinger_2017 topps chrome psa 10,2017-10-18 23:24:16+00:00,25.0
Cody Bellinger,Cody Bellinger_2017 topps chrome psa 10,2017-10-18 23:24:31+00:00,24.5
Cody Bellinger,Cody Bellinger_2017 topps chrome psa 10,2017-10-31 22:32:46+00:00,26.77
Cody Bellinger,Cody Bellinger_2017 topps chrome psa 10,2017-10-31 22:33:01+00:00,32.88
Cody Bellinger,Cody Bellinger_2017 topps chrome psa 10,2017-11-19 22:30:01+00:00,17.25
Cody Bellinger,Cody Bellinger_2017 topps chrome psa 10,2019-01-20 23:28:23+00:00,6.5
Cody Bellinger,Cody Bellinger_2017 topps chrome psa 10,2019-07-23 22:15:13+00:00,46.0
Cody Bellinger,Cody Bellinger_2017 topps chrome psa 10,2019-07-31 22:48:46+00:00,48.0
Cody Bellinger,Cody Bellinger_2017 topps chrome psa 10,2019-09-18 22:55:10+00:00,26.99
Cody Bellinger,Cody Bellinger_2017 topps chrome psa 10,2019-12-12 22:31:20+00:00,26.0
Cody Bellinger,Cody Bellinger_2017 topps chrome psa 10,2019-12-22 22:08:36+00:00,29.0
Cody Bellinger,Cody Bellinger_2017 topps chrome psa 10,2019-12-22 22:08:47+00:00,29.0
Cody Bellinger,Cody Bellinger_2017 topps chrome psa 10,2019-12-22 22:08:57+00:00,29.0
Cody Bellinger,Cody Bellinger_2017 topps chrome psa 10,2019-12-22 22:09:08+00:00,28.0
Cody Bellinger,Cody Bellinger_2017 topps chrome psa 10,2019-12-22 22:09:18+00:00,27.0
Cody Bellinger,Cody Bellinger_2017 topps chrome psa 10,2021-03-17 23:52:36+00:00,127.39
Cody Bellinger,Cody Bellinger_2017 topps chrome psa 10,2021-03-30 21:20:25+00:00,134.5
Cody Bellinger,Cody Bellinger_2017 topps chrome psa 10,2021-04-17 22:11:20+00:00,131.38
Cody Bellinger,Cody Bellinger_2017 topps chrome psa 10,2021-04-29 21:09:41+00:00,132.5
Cody Bellinger,Cody Bellinger_2017 topps chrome psa 10,2021-05-31 21:32:49+00:00,82.0
Cody Bellinger,Cody Bellinger_2017 topps chrome psa 10,2021-06-18 21:11:23+00:00,65.0
Cody Bellinger,Cody Bellinger_2017 topps chrome psa 10,2021-06-18 21:11:28+00:00,71.0
Cody Bellinger,Cody Bellinger_2017 topps chrome psa 10,2021-06-30 21:24:43+00:00,65.0
Cody Bellinger,Cody Bellinger_2017 topps chrome psa 10,2021-07-18 22:03:30+00:00,65.0
Cody Bellinger,Cody Bellinger_2017 topps chrome psa 10,2021-10-24 23:17:00+00:00,41.0
Cody Bellinger,Cody Bellinger_2017 topps chrome psa 10,2021-11-14 23:08:00+00:00,43.0
Cody Bellinger,Cody Bellinger_2017 topps chrome psa 10,2022-04-24 18:06:23+00:00,50.0
Cody Bellinger,Cody Bellinger_2017 topps chrome psa 10,2022-05-15 23:15:00+00:00,50.4
Cody Bellinger,Cody Bellinger_2017 topps chrome psa 10,2022-08-14 23:19:00+00:00,26.4
Cody Bellinger,Cody Bellinger_2017 topps chrome psa 10,2022-12-11 23:13:00+00:00,18.0
Cody Bellinger,Cody Bellinger_2017 topps chrome psa 10,2022-12-25 23:16:00+00:00,19.2
Cody Bellinger,Cody Bellinger_2017 topps chrome psa 10,2023-01-20 07:06:46+00:00,25.0
Cody Bellinger,Cody Bellinger_2017 topps chrome psa 10,2023-01-24 11:50:00+00:00,78.62
Cody Bellinger,Cody Bellinger_2017 topps chrome psa 10,2023-03-26 23:24:00+00:00,13.2
Cody Bellinger,Cody Bellinger_2017 topps chrome psa 10,2023-05-28 09:40:00+00:00,28.26
Cody Bellinger,Cody Bellinger_2017 topps chrome psa 10,2023-09-03 23:12:00+00:00,20.4
Cody Bellinger,Cody Bellinger_2017 topps chrome psa 10,2025-01-30 14:32:30+00:00,26.0
Cody Bellinger,Cody Bellinger_2017 topps chrome psa 10,2025-01-30 21:59:31+00:00,26.0
Cody Bellinger,Cody Bellinger_2017 topps chrome psa 10,2025-05-25 23:20:00+00:00,10.8
Cody Bellinger,Cody Bellinger_2017 topps chrome psa 10,2025-11-28 20:00:14+00:00,27.0
Cody Bellinger,Cody Bellinger_2017 topps chrome psa 10,2026-04-04 14:32:02+00:00,20.0
Cody Bellinger,Cody Bellinger_2017 topps chrome psa 10,2026-04-11 18:15:10+00:00,21.0
Cody Bellinger,Cody Bellinger_2017 topps chrome psa 10,2026-04-11 22:13:40+00:00,22.0
Cody Bellinger,Cody Bellinger_2017 topps chrome psa 10,2026-05-21 00:00:00+00:00,30.17
Cody Bellinger,Cody Bellinger_2017 topps chrome psa 10,2026-06-09 00:00:00+00:00,38.96
Cody Bellinger,Cody Bellinger_2017 topps chrome psa 10,2026-06-18 00:00:00+00:00,30.97
Cody Bellinger,Cody Bellinger_2017 topps chrome psa 10,2026-06-22 00:00:00+00:00,26.01
Cody Bellinger,Cody Bellinger_2017 topps chrome psa 10,2026-06-29 00:00:00+00:00,21.5
Cody Bellinger,Cody Bellinger_2017 topps chrome psa 10,2026-07-12 00:00:00+00:00,24.46
Cody Bellinger,Cody Bellinger_2017 topps chrome psa 10,2026-07-14 00:00:00+00:00,34.6
Cody Bellinger,Cody Bellinger_2017 topps chrome psa 10,2026-07-14 00:00:00+00:00,32.25
Cody Bellinger,Cody Bellinger_2017 topps chrome psa 10,2026-07-15 00:00:00+00:00,29.0
Cody Bellinger,Cody Bellinger_2017 topps chrome psa 10,2026-07-16 00:00:00+00:00,29.0
Cody Bellinger,Cody Bellinger_2017 topps chrome psa 10,2026-08-02 00:00:00+00:00,31.83
Cody Bellinger,Cody Bellinger_2017 topps chrome psa 10,2026-08-03 00:00:00+00:00,26.0
Corey Seager,Corey Seager_2016 topps chrome psa 10,2017-06-14 00:22:46+00:00,26.0
Corey Seager,Corey Seager_2016 topps chrome psa 10,2018-04-19 22:54:46+00:00,18.5
Corey Seager,Corey Seager_2016 topps chrome psa 10,2018-04-30 22:31:51+00:00,5.5
Corey Seager,Corey Seager_2016 topps chrome psa 10,2018-05-17 22:47:01+00:00,76.94
Corey Seager,Corey Seager_2016 topps chrome psa 10,2018-08-21 21:28:58+00:00,6.25
Corey Seager,Corey Seager_2016 topps chrome psa 10,2018-08-21 21:29:13+00:00,7.25
Corey Seager,Corey Seager_2016 topps chrome psa 10,2018-08-30 22:26:57+00:00,10.05
Corey Seager,Corey Seager_2016 topps chrome psa 10,2021-01-14 22:57:15+00:00,110.0
Corey Seager,Corey Seager_2016 topps chrome psa 10,2021-03-25 02:00:28+00:00,220.0
Corey Seager,Corey Seager_2016 topps chrome psa 10,2021-03-25 02:01:03+00:00,220.0
Corey Seager,Corey Seager_2016 topps chrome psa 10,2021-03-25 02:01:42+00:00,220.0
Corey Seager,Corey Seager_2016 topps chrome psa 10,2022-02-09 15:00:00+00:00,307.32
Corey Seager,Corey Seager_2016 topps chrome psa 10,2022-03-27 23:26:00+00:00,34.8
Corey Seager,Corey Seager_2016 topps chrome psa 10,2022-04-24 23:22:00+00:00,24.0
Corey Seager,Corey Seager_2016 topps chrome psa 10,2022-04-29 17:23:40+00:00,45.0
Corey Seager,Corey Seager_2016 topps chrome psa 10,2022-05-29 23:18:00+00:00,19.2
Corey Seager,Corey Seager_2016 topps chrome psa 10,2022-06-26 23:21:00+00:00,13.2
Corey Seager,Corey Seager_2016 topps chrome psa 10,2022-07-11 08:50:00+00:00,23.4
Corey Seager,Corey Seager_2016 topps chrome psa 10,2022-08-21 23:20:00+00:00,26.4
Corey Seager,Corey Seager_2016 topps chrome psa 10,2022-09-15 16:00:00+00:00,33.98
Corey Seager,Corey Seager_2016 topps chrome psa 10,2022-10-08 16:00:00+00:00,25.06
Corey Seager,Corey Seager_2016 topps chrome psa 10,2022-10-09 16:00:00+00:00,24.57
Corey Seager,Corey Seager_2016 topps chrome psa 10,2022-10-10 16:00:00+00:00,28.26
Corey Seager,Corey Seager_2016 topps chrome psa 10,2023-02-26 23:29:00+00:00,18.0
Corey Seager,Corey Seager_2016 topps chrome psa 10,2023-05-28 16:00:00+00:00,24.57
Corey Seager,Corey Seager_2016 topps chrome psa 10,2023-06-18 16:00:00+00:00,23.4
Corey Seager,Corey Seager_2016 topps chrome psa 10,2023-07-16 23:10:00+00:00,38.4
Corey Seager,Corey Seager_2016 topps chrome psa 10,2023-08-20 23:21:00+00:00,24.0
Corey Seager,Corey Seager_2016 topps chrome psa 10,2023-08-20 23:21:00+00:00,25.2
Corey Seager,Corey Seager_2016 topps chrome psa 10,2023-10-01 23:13:00+00:00,18.0
Corey Seager,Corey Seager_2016 topps chrome psa 10,2023-10-11 20:00:00+00:00,31.72
Corey Seager,Corey Seager_2016 topps chrome psa 10,2024-02-07 19:00:00+00:00,46.36
Corey Seager,Corey Seager_2016 topps chrome psa 10,2024-02-21 19:00:00+00:00,46.36
Corey Seager,Corey Seager_2016 topps chrome psa 10,2024-02-24 03:41:35+00:00,45.0
Corey Seager,Corey Seager_2016 topps chrome psa 10,2024-03-06 19:00:00+00:00,36.6
Corey Seager,Corey Seager_2016 topps chrome psa 10,2024-03-08 09:44:16+00:00,34.0
Corey Seager,Corey Seager_2016 topps chrome psa 10,2024-04-02 18:02:12+00:00,34.0
Corey Seager,Corey Seager_2016 topps chrome psa 10,2025-01-05 23:11:00+00:00,36.0
Corey Seager,Corey Seager_2016 topps chrome psa 10,2025-04-20 23:20:00+00:00,21.6
Corey Seager,Corey Seager_2016 topps chrome psa 10,2026-04-04 06:32:11+00:00,45.0
Corey Seager,Corey Seager_2016 topps chrome psa 10,2026-04-07 18:41:27+00:00,50.0
Corey Seager,Corey Seager_2016 topps chrome psa 10,2026-04-10 01:14:01+00:00,40.0
Corey Seager,Corey Seager_2016 topps chrome psa 10,2026-04-11 23:04:04+00:00,31.0
Fernando Tatis Jr,Fernando Tatis Jr_2019 topps chrome psa 10,2020-02-18 23:45:26+00:00,42.0
Fernando Tatis Jr,Fernando Tatis Jr_2019 topps chrome psa 10,2020-02-27 22:41:39+00:00,39.0
Fernando Tatis Jr,Fernando Tatis Jr_2019 topps chrome psa 10,2020-02-27 22:41:48+00:00,45.0
Fernando Tatis Jr,Fernando Tatis Jr_2019 topps chrome psa 10,2020-04-20 23:16:12+00:00,55.0
Fernando Tatis Jr,Fernando Tatis Jr_2019 topps chrome psa 10,2020-04-20 23:16:21+00:00,55.0
Fernando Tatis Jr,Fernando Tatis Jr_2019 topps chrome psa 10,2020-04-20 23:16:30+00:00,52.0
Fernando Tatis Jr,Fernando Tatis Jr_2019 topps chrome psa 10,2020-04-30 22:39:35+00:00,61.0
Fernando Tatis Jr,Fernando Tatis Jr_2019 topps chrome psa 10,2020-04-30 22:39:41+00:00,56.0
Fernando Tatis Jr,Fernando Tatis Jr_2019 topps chrome psa 10,2020-06-18 23:44:20+00:00,59.0
Fernando Tatis Jr,Fernando Tatis Jr_2019 topps chrome psa 10,2020-06-18 23:44:30+00:00,62.0
Fernando Tatis Jr,Fernando Tatis Jr_2019 topps chrome psa 10,2020-06-29 23:56:26+00:00,69.0
Fernando Tatis Jr,Fernando Tatis Jr_2019 topps chrome psa 10,2020-06-29 23:56:32+00:00,68.0
Fernando Tatis Jr,Fernando Tatis Jr_2019 topps chrome psa 10,2020-06-29 23:56:38+00:00,68.0
Fernando Tatis Jr,Fernando Tatis Jr_2019 topps chrome psa 10,2020-07-28 23:54:22+00:00,85.02
Fernando Tatis Jr,Fernando Tatis Jr_2019 topps chrome psa 10,2020-08-20 23:26:24+00:00,290.0
Fernando Tatis Jr,Fernando Tatis Jr_2019 topps chrome psa 10,2020-08-20 23:26:34+00:00,285.0
Fernando Tatis Jr,Fernando Tatis Jr_2019 topps chrome psa 10,2020-08-20 23:26:44+00:00,285.0
Fernando Tatis Jr,Fernando Tatis Jr_2019 topps chrome psa 10,2020-08-20 23:26:53+00:00,285.0
Fernando Tatis Jr,Fernando Tatis Jr_2019 topps chrome psa 10,2020-08-30 23:56:21+00:00,275.0
Fernando Tatis Jr,Fernando Tatis Jr_2019 topps chrome psa 10,2020-08-30 23:56:27+00:00,290.0
Fernando Tatis Jr,Fernando Tatis Jr_2019 topps chrome psa 10,2020-08-30 23:56:33+00:00,296.0
Fernando Tatis Jr,Fernando Tatis Jr_2019 topps chrome psa 10,2020-09-17 23:45:55+00:00,217.25
Fernando Tatis Jr,Fernando Tatis Jr_2019 topps chrome psa 10,2020-09-17 23:46:33+00:00,230.0
Fernando Tatis Jr,Fernando Tatis Jr_2019 topps chrome psa 10,2020-09-30 21:53:54+00:00,157.5
Fernando Tatis Jr,Fernando Tatis Jr_2019 topps chrome psa 10,2020-09-30 21:53:58+00:00,167.0
Fernando Tatis Jr,Fernando Tatis Jr_2019 topps chrome psa 10,2020-09-30 21:54:01+00:00,162.51
Fernando Tatis Jr,Fernando Tatis Jr_2019 topps chrome psa 10,2020-09-30 21:54:05+00:00,173.5
Fernando Tatis Jr,Fernando Tatis Jr_2019 topps chrome psa 10,2020-09-30 21:54:08+00:00,157.5
Fernando Tatis Jr,Fernando Tatis Jr_2019 topps chrome psa 10,2020-09-30 21:54:12+00:00,162.5
Fernando Tatis Jr,Fernando Tatis Jr_2019 topps chrome psa 10,2020-10-18 23:35:53+00:00,190.5
Fernando Tatis Jr,Fernando Tatis Jr_2019 topps chrome psa 10,2020-10-29 22:05:09+00:00,152.0
Fernando Tatis Jr,Fernando Tatis Jr_2019 topps chrome psa 10,2020-10-29 22:05:12+00:00,152.5
Fernando Tatis Jr,Fernando Tatis Jr_2019 topps chrome psa 10,2020-10-29 22:05:16+00:00,152.5
Fernando Tatis Jr,Fernando Tatis Jr_2019 topps chrome psa 10,2020-10-29 22:05:19+00:00,150.0
Fernando Tatis Jr,Fernando Tatis Jr_2019 topps chrome psa 10,2020-10-29 22:05:22+00:00,157.5
Fernando Tatis Jr,Fernando Tatis Jr_2019 topps chrome psa 10,2020-10-29 22:05:26+00:00,147.5
Fernando Tatis Jr,Fernando Tatis Jr_2019 topps chrome psa 10,2020-10-29 22:05:29+00:00,150.0
Fernando Tatis Jr,Fernando Tatis Jr_2019 topps chrome psa 10,2020-10-29 22:05:32+00:00,152.5
Fernando Tatis Jr,Fernando Tatis Jr_2019 topps chrome psa 10,2020-10-29 22:05:35+00:00,137.5
Fernando Tatis Jr,Fernando Tatis Jr_2019 topps chrome psa 10,2020-11-15 23:15:14+00:00,169.16
Fernando Tatis Jr,Fernando Tatis Jr_2019 topps chrome psa 10,2020-11-15 23:15:21+00:00,166.66
Fernando Tatis Jr,Fernando Tatis Jr_2019 topps chrome psa 10,2020-11-29 23:50:56+00:00,187.5
Fernando Tatis Jr,Fernando Tatis Jr_2019 topps chrome psa 10,2020-12-15 23:33:07+00:00,172.5
Fernando Tatis Jr,Fernando Tatis Jr_2019 topps chrome psa 10,2020-12-29 23:52:15+00:00,218.5
Fernando Tatis Jr,Fernando Tatis Jr_2019 topps chrome psa 10,2021-01-28 23:52:45+00:00,330.0
Fernando Tatis Jr,Fernando Tatis Jr_2019 topps chrome psa 10,2021-01-28 23:52:50+00:00,327.0
Fernando Tatis Jr,Fernando Tatis Jr_2019 topps chrome psa 10,2021-01-28 23:52:55+00:00,330.0
Fernando Tatis Jr,Fernando Tatis Jr_2019 topps chrome psa 10,2021-01-28 23:53:35+00:00,325.0
Fernando Tatis Jr,Fernando Tatis Jr_2019 topps chrome psa 10,2021-02-16 23:23:55+00:00,350.0
Fernando Tatis Jr,Fernando Tatis Jr_2019 topps chrome psa 10,2021-02-16 23:24:01+00:00,357.0
Fernando Tatis Jr,Fernando Tatis Jr_2019 topps chrome psa 10,2021-02-25 23:51:51+00:00,380.0
Fernando Tatis Jr,Fernando Tatis Jr_2019 topps chrome psa 10,2021-02-25 23:51:54+00:00,406.0
Fernando Tatis Jr,Fernando Tatis Jr_2019 topps chrome psa 10,2021-03-18 22:52:39+00:00,430.0
Fernando Tatis Jr,Fernando Tatis Jr_2019 topps chrome psa 10,2021-03-18 22:52:46+00:00,435.0
Fernando Tatis Jr,Fernando Tatis Jr_2019 topps chrome psa 10,2021-03-18 22:52:54+00:00,425.0
Fernando Tatis Jr,Fernando Tatis Jr_2019 topps chrome psa 10,2021-03-18 22:53:02+00:00,425.0
Fernando Tatis Jr,Fernando Tatis Jr_2019 topps chrome psa 10,2021-03-18 22:53:09+00:00,430.0
Fernando Tatis Jr,Fernando Tatis Jr_2019 topps chrome psa 10,2021-03-18 22:53:17+00:00,430.0
Fernando Tatis Jr,Fernando Tatis Jr_2019 topps chrome psa 10,2021-03-18 22:53:25+00:00,463.0
Fernando Tatis Jr,Fernando Tatis Jr_2019 topps chrome psa 10,2021-03-18 22:53:33+00:00,430.0
Fernando Tatis Jr,Fernando Tatis Jr_2019 topps chrome psa 10,2021-03-18 22:53:40+00:00,430.0
Fernando Tatis Jr,Fernando Tatis Jr_2019 topps chrome psa 10,2021-03-30 21:45:02+00:00,380.01
Fernando Tatis Jr,Fernando Tatis Jr_2019 topps chrome psa 10,2021-03-30 21:45:03+00:00,382.01
Fernando Tatis Jr,Fernando Tatis Jr_2019 topps chrome psa 10,2021-03-30 21:45:05+00:00,355.01
Fernando Tatis Jr,Fernando Tatis Jr_2019 topps chrome psa 10,2021-03-30 21:45:06+00:00,350.0
Fernando Tatis Jr,Fernando Tatis Jr_2019 topps chrome psa 10,2021-03-30 21:45:08+00:00,368.0
Fernando Tatis Jr,Fernando Tatis Jr_2019 topps chrome psa 10,2021-03-30 21:45:10+00:00,350.0
Fernando Tatis Jr,Fernando Tatis Jr_2019 topps chrome psa 10,2021-03-30 21:45:11+00:00,360.06
Fernando Tatis Jr,Fernando Tatis Jr_2019 topps chrome psa 10,2021-03-30 21:45:13+00:00,340.0
Fernando Tatis Jr,Fernando Tatis Jr_2019 topps chrome psa 10,2021-03-30 21:45:14+00:00,355.02
Fernando Tatis Jr,Fernando Tatis Jr_2019 topps chrome psa 10,2021-03-30 21:45:16+00:00,336.0
Fernando Tatis Jr,Fernando Tatis Jr_2019 topps chrome psa 10,2021-03-30 21:45:18+00:00,360.0
Fernando Tatis Jr,Fernando Tatis Jr_2019 topps chrome psa 10,2021-03-30 21:45:19+00:00,355.0
Fernando Tatis Jr,Fernando Tatis Jr_2019 topps chrome psa 10,2021-04-17 23:21:45+00:00,355.0
Fernando Tatis Jr,Fernando Tatis Jr_2019 topps chrome psa 10,2021-04-17 23:21:50+00:00,366.0
Fernando Tatis Jr,Fernando Tatis Jr_2019 topps chrome psa 10,2021-04-29 21:46:52+00:00,355.0
Fernando Tatis Jr,Fernando Tatis Jr_2019 topps chrome psa 10,2021-04-29 21:46:54+00:00,364.0
Fernando Tatis Jr,Fernando Tatis Jr_2019 topps chrome psa 10,2021-04-29 21:46:57+00:00,360.0
Fernando Tatis Jr,Fernando Tatis Jr_2019 topps chrome psa 10,2021-04-29 21:47:03+00:00,345.0
Fernando Tatis Jr,Fernando Tatis Jr_2019 topps chrome psa 10,2021-04-29 21:47:47+00:00,360.0
Fernando Tatis Jr,Fernando Tatis Jr_2019 topps chrome psa 10,2021-05-19 23:37:16+00:00,316.0
Fernando Tatis Jr,Fernando Tatis Jr_2019 topps chrome psa 10,2021-05-19 23:37:20+00:00,293.0
Fernando Tatis Jr,Fernando Tatis Jr_2019 topps chrome psa 10,2021-05-19 23:37:23+00:00,275.0
Fernando Tatis Jr,Fernando Tatis Jr_2019 topps chrome psa 10,2021-05-29 18:02:10+00:00,350.0
Fernando Tatis Jr,Fernando Tatis Jr_2019 topps chrome psa 10,2021-05-31 21:46:46+00:00,305.5
Fernando Tatis Jr,Fernando Tatis Jr_2019 topps chrome psa 10,2021-05-31 21:46:47+00:00,305.0
Fernando Tatis Jr,Fernando Tatis Jr_2019 topps chrome psa 10,2021-06-14 16:47:38+00:00,300.0
Fernando Tatis Jr,Fernando Tatis Jr_2019 topps chrome psa 10,2021-06-17 08:31:59+00:00,290.0
Fernando Tatis Jr,Fernando Tatis Jr_2019 topps chrome psa 10,2021-06-18 22:43:33+00:00,270.0
Fernando Tatis Jr,Fernando Tatis Jr_2019 topps chrome psa 10,2021-06-18 22:43:38+00:00,270.0
Fernando Tatis Jr,Fernando Tatis Jr_2019 topps chrome psa 10,2021-06-18 22:43:43+00:00,265.0
Fernando Tatis Jr,Fernando Tatis Jr_2019 topps chrome psa 10,2021-06-18 22:43:48+00:00,268.0
Fernando Tatis Jr,Fernando Tatis Jr_2019 topps chrome psa 10,2021-06-18 22:43:53+00:00,270.0
Fernando Tatis Jr,Fernando Tatis Jr_2019 topps chrome psa 10,2021-06-30 21:43:15+00:00,271.0
Fernando Tatis Jr,Fernando Tatis Jr_2019 topps chrome psa 10,2021-06-30 21:43:16+00:00,266.0
Fernando Tatis Jr,Fernando Tatis Jr_2019 topps chrome psa 10,2021-06-30 21:43:18+00:00,275.0
Fernando Tatis Jr,Fernando Tatis Jr_2019 topps chrome psa 10,2021-06-30 21:43:20+00:00,280.0
Fernando Tatis Jr,Fernando Tatis Jr_2019 topps chrome psa 10,2021-06-30 21:43:22+00:00,285.0
Fernando Tatis Jr,Fernando Tatis Jr_2019 topps chrome psa 10,2021-07-14 10:01:06+00:00,280.0
Fernando Tatis Jr,Fernando Tatis Jr_2019 topps chrome psa 10,2021-07-18 23:18:28+00:00,276.89
Fernando Tatis Jr,Fernando Tatis Jr_2019 topps chrome psa 10,2021-07-18 23:18:33+00:00,276.89
Fernando Tatis Jr,Fernando Tatis Jr_2019 topps chrome psa 10,2021-07-18 23:18:38+00:00,278.0
Fernando Tatis Jr,Fernando Tatis Jr_2019 topps chrome psa 10,2021-07-21 19:32:44+00:00,279.0
Fernando Tatis Jr,Fernando Tatis Jr_2019 topps chrome psa 10,2021-07-31 22:40:03+00:00,355.0
Fernando Tatis Jr,Fernando Tatis Jr_2019 topps chrome psa 10,2021-10-24 23:17:00+00:00,165.0
Fernando Tatis Jr,Fernando Tatis Jr_2019 topps chrome psa 10,2021-10-24 23:17:00+00:00,175.0
Fernando Tatis Jr,Fernando Tatis Jr_2019 topps chrome psa 10,2021-10-24 23:17:00+00:00,180.0
Fernando Tatis Jr,Fernando Tatis Jr_2019 topps chrome psa 10,2021-10-29 23:15:00+00:00,175.0
Fernando Tatis Jr,Fernando Tatis Jr_2019 topps chrome psa 10,2021-10-29 23:15:00+00:00,180.0
Fernando Tatis Jr,Fernando Tatis Jr_2019 topps chrome psa 10,2021-10-29 23:15:00+00:00,170.0
Fernando Tatis Jr,Fernando Tatis Jr_2019 topps chrome psa 10,2021-12-17 23:20:00+00:00,165.0
Fernando Tatis Jr,Fernando Tatis Jr_2019 topps chrome psa 10,2021-12-17 23:20:00+00:00,160.0
Fernando Tatis Jr,Fernando Tatis Jr_2019 topps chrome psa 10,2022-01-23 23:10:00+00:00,216.0
Fernando Tatis Jr,Fernando Tatis Jr_2019 topps chrome psa 10,2022-01-30 23:24:00+00:00,168.0
Fernando Tatis Jr,Fernando Tatis Jr_2019 topps chrome psa 10,2022-02-20 23:20:00+00:00,162.0
Fernando Tatis Jr,Fernando Tatis Jr_2019 topps chrome psa 10,2022-02-27 22:50:00+00:00,174.0
Fernando Tatis Jr,Fernando Tatis Jr_2019 topps chrome psa 10,2022-03-06 15:00:00+00:00,193.25
Fernando Tatis Jr,Fernando Tatis Jr_2019 topps chrome psa 10,2022-03-13 23:24:00+00:00,204.0
Fernando Tatis Jr,Fernando Tatis Jr_2019 topps chrome psa 10,2022-03-13 23:24:00+00:00,216.0
Fernando Tatis Jr,Fernando Tatis Jr_2019 topps chrome psa 10,2022-03-20 23:27:00+00:00,156.0
Fernando Tatis Jr,Fernando Tatis Jr_2019 topps chrome psa 10,2022-03-27 23:26:00+00:00,132.0
Fernando Tatis Jr,Fernando Tatis Jr_2019 topps chrome psa 10,2022-04-03 23:23:00+00:00,144.0
Fernando Tatis Jr,Fernando Tatis Jr_2019 topps chrome psa 10,2022-04-10 23:13:00+00:00,126.0
Fernando Tatis Jr,Fernando Tatis Jr_2019 topps chrome psa 10,2022-04-17 23:19:00+00:00,126.0
Fernando Tatis Jr,Fernando Tatis Jr_2019 topps chrome psa 10,2022-04-17 23:19:00+00:00,132.0
Fernando Tatis Jr,Fernando Tatis Jr_2019 topps chrome psa 10,2022-04-17 23:19:00+00:00,120.0
Fernando Tatis Jr,Fernando Tatis Jr_2019 topps chrome psa 10,2022-04-24 23:22:00+00:00,132.0
Fernando Tatis Jr,Fernando Tatis Jr_2019 topps chrome psa 10,2022-04-24 23:22:00+00:00,150.0
Fernando Tatis Jr,Fernando Tatis Jr_2019 topps chrome psa 10,2022-05-01 23:21:00+00:00,132.0
Fernando Tatis Jr,Fernando Tatis Jr_2019 topps chrome psa 10,2022-05-08 23:16:00+00:00,115.2
Fernando Tatis Jr,Fernando Tatis Jr_2019 topps chrome psa 10,2022-05-08 23:16:00+00:00,110.4
Fernando Tatis Jr,Fernando Tatis Jr_2019 topps chrome psa 10,2022-05-15 23:15:00+00:00,126.0
Fernando Tatis Jr,Fernando Tatis Jr_2019 topps chrome psa 10,2022-05-19 11:34:53+00:00,110.0
Fernando Tatis Jr,Fernando Tatis Jr_2019 topps chrome psa 10,2022-05-22 23:17:00+00:00,105.6
Fernando Tatis Jr,Fernando Tatis Jr_2019 topps chrome psa 10,2022-05-22 23:17:00+00:00,108.0
Fernando Tatis Jr,Fernando Tatis Jr_2019 topps chrome psa 10,2022-05-29 23:18:00+00:00,132.0
Fernando Tatis Jr,Fernando Tatis Jr_2019 topps chrome psa 10,2022-06-26 23:21:00+00:00,103.2
Fernando Tatis Jr,Fernando Tatis Jr_2019 topps chrome psa 10,2022-07-24 23:19:00+00:00,108.0
Fernando Tatis Jr,Fernando Tatis Jr_2019 topps chrome psa 10,2022-07-31 23:16:00+00:00,88.8
Fernando Tatis Jr,Fernando Tatis Jr_2019 topps chrome psa 10,2022-08-14 23:19:00+00:00,76.8
Fernando Tatis Jr,Fernando Tatis Jr_2019 topps chrome psa 10,2022-08-14 23:19:00+00:00,86.4
Fernando Tatis Jr,Fernando Tatis Jr_2019 topps chrome psa 10,2022-08-14 23:19:00+00:00,88.8
Fernando Tatis Jr,Fernando Tatis Jr_2019 topps chrome psa 10,2022-08-21 23:20:00+00:00,76.8
Fernando Tatis Jr,Fernando Tatis Jr_2019 topps chrome psa 10,2022-09-11 23:17:00+00:00,74.4
Fernando Tatis Jr,Fernando Tatis Jr_2019 topps chrome psa 10,2022-09-25 23:19:00+00:00,60.0
Fernando Tatis Jr,Fernando Tatis Jr_2019 topps chrome psa 10,2022-10-02 23:17:00+00:00,72.0
Fernando Tatis Jr,Fernando Tatis Jr_2019 topps chrome psa 10,2022-10-09 06:50:00+00:00,59.67
Fernando Tatis Jr,Fernando Tatis Jr_2019 topps chrome psa 10,2022-10-09 23:25:00+00:00,62.4
Fernando Tatis Jr,Fernando Tatis Jr_2019 topps chrome psa 10,2022-10-16 16:00:00+00:00,39.78
Fernando Tatis Jr,Fernando Tatis Jr_2019 topps chrome psa 10,2022-10-16 23:22:00+00:00,67.2
Fernando Tatis Jr,Fernando Tatis Jr_2019 topps chrome psa 10,2022-10-16 23:22:00+00:00,50.4
Fernando Tatis Jr,Fernando Tatis Jr_2019 topps chrome psa 10,2022-10-23 16:00:00+00:00,61.43
Fernando Tatis Jr,Fernando Tatis Jr_2019 topps chrome psa 10,2022-11-13 23:27:00+00:00,55.2
Fernando Tatis Jr,Fernando Tatis Jr_2019 topps chrome psa 10,2022-11-30 22:00:00+00:00,37.0
Fernando Tatis Jr,Fernando Tatis Jr_2019 topps chrome psa 10,2022-12-18 23:18:00+00:00,60.0
Fernando Tatis Jr,Fernando Tatis Jr_2019 topps chrome psa 10,2023-01-01 23:19:00+00:00,58.8
Fernando Tatis Jr,Fernando Tatis Jr_2019 topps chrome psa 10,2023-01-26 09:45:16+00:00,70.0
Fernando Tatis Jr,Fernando Tatis Jr_2019 topps chrome psa 10,2023-01-29 23:21:00+00:00,98.4
Fernando Tatis Jr,Fernando Tatis Jr_2019 topps chrome psa 10,2023-02-15 19:00:00+00:00,49.2
Fernando Tatis Jr,Fernando Tatis Jr_2019 topps chrome psa 10,2023-02-26 23:29:00+00:00,55.2
Fernando Tatis Jr,Fernando Tatis Jr_2019 topps chrome psa 10,2023-02-26 23:29:00+00:00,56.4
Fernando Tatis Jr,Fernando Tatis Jr_2019 topps chrome psa 10,2023-03-05 23:17:00+00:00,54.0
Fernando Tatis Jr,Fernando Tatis Jr_2019 topps chrome psa 10,2023-03-19 23:31:00+00:00,55.2
Fernando Tatis Jr,Fernando Tatis Jr_2019 topps chrome psa 10,2023-03-26 23:24:00+00:00,60.0
Fernando Tatis Jr,Fernando Tatis Jr_2019 topps chrome psa 10,2023-04-09 23:31:00+00:00,60.0
Fernando Tatis Jr,Fernando Tatis Jr_2019 topps chrome psa 10,2023-04-16 23:23:00+00:00,51.6
Fernando Tatis Jr,Fernando Tatis Jr_2019 topps chrome psa 10,2023-04-30 23:19:00+00:00,57.6
Fernando Tatis Jr,Fernando Tatis Jr_2019 topps chrome psa 10,2023-05-07 23:16:00+00:00,60.0
Fernando Tatis Jr,Fernando Tatis Jr_2019 topps chrome psa 10,2023-05-10 20:00:00+00:00,51.6
Fernando Tatis Jr,Fernando Tatis Jr_2019 topps chrome psa 10,2023-05-17 20:00:00+00:00,72.0
Fernando Tatis Jr,Fernando Tatis Jr_2019 topps chrome psa 10,2023-05-21 23:18:00+00:00,45.6
Fernando Tatis Jr,Fernando Tatis Jr_2019 topps chrome psa 10,2023-05-21 23:18:00+00:00,50.4
Fernando Tatis Jr,Fernando Tatis Jr_2019 topps chrome psa 10,2023-05-24 20:00:00+00:00,54.0
Fernando Tatis Jr,Fernando Tatis Jr_2019 topps chrome psa 10,2023-05-24 20:00:00+00:00,74.4
Fernando Tatis Jr,Fernando Tatis Jr_2019 topps chrome psa 10,2023-05-24 20:00:00+00:00,61.2
Fernando Tatis Jr,Fernando Tatis Jr_2019 topps chrome psa 10,2023-05-28 23:12:00+00:00,45.6
Fernando Tatis Jr,Fernando Tatis Jr_2019 topps chrome psa 10,2023-06-04 23:20:00+00:00,52.8
Fernando Tatis Jr,Fernando Tatis Jr_2019 topps chrome psa 10,2023-06-21 20:00:00+00:00,42.0
Fernando Tatis Jr,Fernando Tatis Jr_2019 topps chrome psa 10,2023-06-25 19:42:57+00:00,75.0
Fernando Tatis Jr,Fernando Tatis Jr_2019 topps chrome psa 10,2023-06-29 16:00:00+00:00,27.35
Fernando Tatis Jr,Fernando Tatis Jr_2019 topps chrome psa 10,2023-07-02 23:13:00+00:00,43.2
Fernando Tatis Jr,Fernando Tatis Jr_2019 topps chrome psa 10,2023-07-09 23:19:00+00:00,56.4
Fernando Tatis Jr,Fernando Tatis Jr_2019 topps chrome psa 10,2023-07-16 23:10:00+00:00,44.4
Fernando Tatis Jr,Fernando Tatis Jr_2019 topps chrome psa 10,2023-07-19 16:00:00+00:00,58.5
Fernando Tatis Jr,Fernando Tatis Jr_2019 topps chrome psa 10,2023-07-25 14:40:00+00:00,79.85
Fernando Tatis Jr,Fernando Tatis Jr_2019 topps chrome psa 10,2023-07-30 16:00:00+00:00,40.95
Fernando Tatis Jr,Fernando Tatis Jr_2019 topps chrome psa 10,2023-08-08 15:00:00+00:00,44.23
Fernando Tatis Jr,Fernando Tatis Jr_2019 topps chrome psa 10,2023-08-13 23:16:00+00:00,48.0
Fernando Tatis Jr,Fernando Tatis Jr_2019 topps chrome psa 10,2023-08-20 23:21:00+00:00,39.6
Fernando Tatis Jr,Fernando Tatis Jr_2019 topps chrome psa 10,2023-08-20 23:21:00+00:00,38.4
Fernando Tatis Jr,Fernando Tatis Jr_2019 topps chrome psa 10,2023-08-30 20:00:00+00:00,50.4
Fernando Tatis Jr,Fernando Tatis Jr_2019 topps chrome psa 10,2023-09-14 09:20:00+00:00,50.37
Fernando Tatis Jr,Fernando Tatis Jr_2019 topps chrome psa 10,2023-09-17 16:00:00+00:00,67.57
Fernando Tatis Jr,Fernando Tatis Jr_2019 topps chrome psa 10,2023-09-17 23:17:00+00:00,33.6
Fernando Tatis Jr,Fernando Tatis Jr_2019 topps chrome psa 10,2023-09-21 16:00:00+00:00,30.71
Fernando Tatis Jr,Fernando Tatis Jr_2019 topps chrome psa 10,2023-09-24 16:00:00+00:00,49.14
Fernando Tatis Jr,Fernando Tatis Jr_2019 topps chrome psa 10,2023-10-01 23:13:00+00:00,30.0
Fernando Tatis Jr,Fernando Tatis Jr_2019 topps chrome psa 10,2023-10-11 20:00:00+00:00,241.56
Fernando Tatis Jr,Fernando Tatis Jr_2019 topps chrome psa 10,2023-10-18 20:00:00+00:00,39.04
Fernando Tatis Jr,Fernando Tatis Jr_2019 topps chrome psa 10,2023-10-25 20:00:00+00:00,48.8
Fernando Tatis Jr,Fernando Tatis Jr_2019 topps chrome psa 10,2024-01-14 23:20:00+00:00,42.0
Fernando Tatis Jr,Fernando Tatis Jr_2019 topps chrome psa 10,2024-01-21 23:15:00+00:00,38.4
Fernando Tatis Jr,Fernando Tatis Jr_2019 topps chrome psa 10,2024-01-24 19:00:00+00:00,31.72
Fernando Tatis Jr,Fernando Tatis Jr_2019 topps chrome psa 10,2024-02-04 15:00:00+00:00,33.54
Fernando Tatis Jr,Fernando Tatis Jr_2019 topps chrome psa 10,2024-02-04 15:00:00+00:00,30.42
Fernando Tatis Jr,Fernando Tatis Jr_2019 topps chrome psa 10,2024-02-04 15:00:00+00:00,31.94
Fernando Tatis Jr,Fernando Tatis Jr_2019 topps chrome psa 10,2024-03-27 15:37:48+00:00,30.0
Fernando Tatis Jr,Fernando Tatis Jr_2019 topps chrome psa 10,2024-04-07 23:15:00+00:00,32.4
Fernando Tatis Jr,Fernando Tatis Jr_2019 topps chrome psa 10,2024-05-02 22:15:20+00:00,23.18
Fernando Tatis Jr,Fernando Tatis Jr_2019 topps chrome psa 10,2024-06-02 23:17:00+00:00,25.2
Fernando Tatis Jr,Fernando Tatis Jr_2019 topps chrome psa 10,2024-06-15 10:10:00+00:00,44.23
Fernando Tatis Jr,Fernando Tatis Jr_2019 topps chrome psa 10,2024-06-20 16:00:00+00:00,43.01
Fernando Tatis Jr,Fernando Tatis Jr_2019 topps chrome psa 10,2024-06-20 17:33:35+00:00,25.0
Fernando Tatis Jr,Fernando Tatis Jr_2019 topps chrome psa 10,2024-10-09 00:02:47+00:00,29.0
Fernando Tatis Jr,Fernando Tatis Jr_2019 topps chrome psa 10,2024-10-09 09:30:51+00:00,45.0
Fernando Tatis Jr,Fernando Tatis Jr_2019 topps chrome psa 10,2024-10-09 12:01:33+00:00,49.0
Fernando Tatis Jr,Fernando Tatis Jr_2019 topps chrome psa 10,2024-11-25 15:00:00+00:00,30.81
Fernando Tatis Jr,Fernando Tatis Jr_2019 topps chrome psa 10,2024-12-05 13:10:00+00:00,32.25
Fernando Tatis Jr,Fernando Tatis Jr_2019 topps chrome psa 10,2024-12-21 17:22:30+00:00,40.0
Fernando Tatis Jr,Fernando Tatis Jr_2019 topps chrome psa 10,2024-12-22 12:10:00+00:00,35.1
Fernando Tatis Jr,Fernando Tatis Jr_2019 topps chrome psa 10,2024-12-22 23:27:00+00:00,30.0
Fernando Tatis Jr,Fernando Tatis Jr_2019 topps chrome psa 10,2025-01-05 23:11:00+00:00,34.8
Fernando Tatis Jr,Fernando Tatis Jr_2019 topps chrome psa 10,2025-01-19 23:18:00+00:00,24.0
Fernando Tatis Jr,Fernando Tatis Jr_2019 topps chrome psa 10,2025-01-26 23:13:00+00:00,43.2
Fernando Tatis Jr,Fernando Tatis Jr_2019 topps chrome psa 10,2025-02-02 23:21:00+00:00,34.8
Fernando Tatis Jr,Fernando Tatis Jr_2019 topps chrome psa 10,2025-03-22 15:36:56+00:00,49.0
Fernando Tatis Jr,Fernando Tatis Jr_2019 topps chrome psa 10,2025-03-27 12:48:34+00:00,45.15
Fernando Tatis Jr,Fernando Tatis Jr_2019 topps chrome psa 10,2025-04-17 23:22:25+00:00,34.0
Fernando Tatis Jr,Fernando Tatis Jr_2019 topps chrome psa 10,2025-04-18 12:50:46+00:00,26.0
Fernando Tatis Jr,Fernando Tatis Jr_2019 topps chrome psa 10,2025-04-20 01:54:19+00:00,24.0
Fernando Tatis Jr,Fernando Tatis Jr_2019 topps chrome psa 10,2025-04-23 22:35:16+00:00,26.0
Fernando Tatis Jr,Fernando Tatis Jr_2019 topps chrome psa 10,2025-04-27 23:18:00+00:00,22.8
Fernando Tatis Jr,Fernando Tatis Jr_2019 topps chrome psa 10,2025-06-22 23:15:00+00:00,27.6
Fernando Tatis Jr,Fernando Tatis Jr_2019 topps chrome psa 10,2025-07-02 09:01:10+00:00,27.0
Fernando Tatis Jr,Fernando Tatis Jr_2019 topps chrome psa 10,2025-07-20 23:17:00+00:00,22.8
Fernando Tatis Jr,Fernando Tatis Jr_2019 topps chrome psa 10,2025-07-29 12:29:15+00:00,43.0
Fernando Tatis Jr,Fernando Tatis Jr_2019 topps chrome psa 10,2025-08-18 13:38:11+00:00,44.23
Fernando Tatis Jr,Fernando Tatis Jr_2019 topps chrome psa 10,2025-08-22 17:27:36+00:00,67.08
Fernando Tatis Jr,Fernando Tatis Jr_2019 topps chrome psa 10,2025-08-26 11:46:53+00:00,33.17
Fernando Tatis Jr,Fernando Tatis Jr_2019 topps chrome psa 10,2025-08-30 16:08:30+00:00,38.08
Fernando Tatis Jr,Fernando Tatis Jr_2019 topps chrome psa 10,2025-08-31 23:30:00+00:00,25.2
Fernando Tatis Jr,Fernando Tatis Jr_2019 topps chrome psa 10,2025-09-09 18:12:03+00:00,54.99
Fernando Tatis Jr,Fernando Tatis Jr_2019 topps chrome psa 10,2025-09-21 23:12:00+00:00,19.2
Fernando Tatis Jr,Fernando Tatis Jr_2019 topps chrome psa 10,2025-09-28 23:20:00+00:00,18.0
Fernando Tatis Jr,Fernando Tatis Jr_2019 topps chrome psa 10,2025-10-05 23:23:00+00:00,26.4
Fernando Tatis Jr,Fernando Tatis Jr_2019 topps chrome psa 10,2025-10-05 23:23:00+00:00,22.8
Fernando Tatis Jr,Fernando Tatis Jr_2019 topps chrome psa 10,2025-10-20 16:21:16+00:00,55.28
Fernando Tatis Jr,Fernando Tatis Jr_2019 topps chrome psa 10,2025-10-29 14:50:00+00:00,25.8
Fernando Tatis Jr,Fernando Tatis Jr_2019 topps chrome psa 10,2025-11-09 15:00:00+00:00,19.66
Fernando Tatis Jr,Fernando Tatis Jr_2019 topps chrome psa 10,2025-11-11 11:55:26+00:00,63.88
Fernando Tatis Jr,Fernando Tatis Jr_2019 topps chrome psa 10,2025-11-11 14:00:00+00:00,30.1
Fernando Tatis Jr,Fernando Tatis Jr_2019 topps chrome psa 10,2025-11-14 15:22:52+00:00,50.42
Fernando Tatis Jr,Fernando Tatis Jr_2019 topps chrome psa 10,2025-11-23 11:52:12+00:00,44.23
Fernando Tatis Jr,Fernando Tatis Jr_2019 topps chrome psa 10,2025-12-15 10:40:49+00:00,41.77
Fernando Tatis Jr,Fernando Tatis Jr_2019 topps chrome psa 10,2025-12-15 10:41:10+00:00,39.51
Fernando Tatis Jr,Fernando Tatis Jr_2019 topps chrome psa 10,2026-01-01 11:20:03+00:00,40.54
Fernando Tatis Jr,Fernando Tatis Jr_2019 topps chrome psa 10,2026-02-18 16:24:27+00:00,21.45
Fernando Tatis Jr,Fernando Tatis Jr_2019 topps chrome psa 10,2026-02-20 13:11:14+00:00,14.0
Fernando Tatis Jr,Fernando Tatis Jr_2019 topps chrome psa 10,2026-02-22 11:45:10+00:00,12.29
Fernando Tatis Jr,Fernando Tatis Jr_2019 topps chrome psa 10,2026-03-20 07:20:00+00:00,24.57
Fernando Tatis Jr,Fernando Tatis Jr_2019 topps chrome psa 10,2026-04-12 16:52:39+00:00,20.0
Fernando Tatis Jr,Fernando Tatis Jr_2019 topps chrome psa 10,2026-04-12 20:08:00+00:00,16.5
Fernando Tatis Jr,Fernando Tatis Jr_2019 topps chrome psa 10,2026-04-14 14:45:17+00:00,24.0
Fernando Tatis Jr,Fernando Tatis Jr_2019 topps chrome psa 10,2026-04-15 02:31:21+00:00,39.95
Fernando Tatis Jr,Fernando Tatis Jr_2019 topps chrome psa 10,2026-04-15 11:01:08+00:00,24.99
Fernando Tatis Jr,Fernando Tatis Jr_2019 topps chrome psa 10,2026-04-19 16:00:00+00:00,31.37
Fernando Tatis Jr,Fernando Tatis Jr_2019 topps chrome psa 10,2026-04-19 16:00:00+00:00,20.0
Fernando Tatis Jr,Fernando Tatis Jr_2019 topps chrome psa 10,2026-04-23 16:00:00+00:00,28.26
Fernando Tatis Jr,Fernando Tatis Jr_2019 topps chrome psa 10,2026-05-03 16:00:00+00:00,33.17
Fernando Tatis Jr,Fernando Tatis Jr_2019 topps chrome psa 10,2026-05-07 12:27:47+00:00,17.2
Fernando Tatis Jr,Fernando Tatis Jr_2019 topps chrome psa 10,2026-05-12 15:20:00+00:00,25.8
Fernando Tatis Jr,Fernando Tatis Jr_2019 topps chrome psa 10,2026-06-01 12:50:00+00:00,24.7
Fernando Tatis Jr,Fernando Tatis Jr_2019 topps chrome psa 10,2026-05-16 00:00:00+00:00,23.98
Fernando Tatis Jr,Fernando Tatis Jr_2019 topps chrome psa 10,2026-05-17 00:00:00+00:00,23.0
Fernando Tatis Jr,Fernando Tatis Jr_2019 topps chrome psa 10,2026-05-18 00:00:00+00:00,34.98
Fernando Tatis Jr,Fernando Tatis Jr_2019 topps chrome psa 10,2026-05-19 00:00:00+00:00,23.18
Fernando Tatis Jr,Fernando Tatis Jr_2019 topps chrome psa 10,2026-05-20 00:00:00+00:00,36.75
Fernando Tatis Jr,Fernando Tatis Jr_2019 topps chrome psa 10,2026-05-23 00:00:00+00:00,32.0
Fernando Tatis Jr,Fernando Tatis Jr_2019 topps chrome psa 10,2026-05-24 00:00:00+00:00,27.49
Fernando Tatis Jr,Fernando Tatis Jr_2019 topps chrome psa 10,2026-05-26 00:00:00+00:00,21.48
Fernando Tatis Jr,Fernando Tatis Jr_2019 topps chrome psa 10,2026-05-28 00:00:00+00:00,25.88
Fernando Tatis Jr,Fernando Tatis Jr_2019 topps chrome psa 10,2026-05-30 00:00:00+00:00,37.25
Fernando Tatis Jr,Fernando Tatis Jr_2019 topps chrome psa 10,2026-05-30 00:00:00+00:00,31.96
Fernando Tatis Jr,Fernando Tatis Jr_2019 topps chrome psa 10,2026-05-31 00:00:00+00:00,16.5
Fernando Tatis Jr,Fernando Tatis Jr_2019 topps chrome psa 10,2026-06-02 00:00:00+00:00,31.5
Fernando Tatis Jr,Fernando Tatis Jr_2019 topps chrome psa 10,2026-06-02 00:00:00+00:00,41.27
Fernando Tatis Jr,Fernando Tatis Jr_2019 topps chrome psa 10,2026-06-03 00:00:00+00:00,27.61
Fernando Tatis Jr,Fernando Tatis Jr_2019 topps chrome psa 10,2026-06-06 00:00:00+00:00,27.49
Fernando Tatis Jr,Fernando Tatis Jr_2019 topps chrome psa 10,2026-06-07 00:00:00+00:00,33.99
Fernando Tatis Jr,Fernando Tatis Jr_2019 topps chrome psa 10,2026-06-07 00:00:00+00:00,25.99
Fernando Tatis Jr,Fernando Tatis Jr_2019 topps chrome psa 10,2026-06-10 00:00:00+00:00,25.17
Fernando Tatis Jr,Fernando Tatis Jr_2019 topps chrome psa 10,2026-06-11 00:00:00+00:00,49.95
Fernando Tatis Jr,Fernando Tatis Jr_2019 topps chrome psa 10,2026-06-16 00:00:00+00:00,30.48
Fernando Tatis Jr,Fernando Tatis Jr_2019 topps chrome psa 10,2026-06-19 00:00:00+00:00,37.87
Fernando Tatis Jr,Fernando Tatis Jr_2019 topps chrome psa 10,2026-06-20 00:00:00+00:00,30.97
Fernando Tatis Jr,Fernando Tatis Jr_2019 topps chrome psa 10,2026-06-23 00:00:00+00:00,33.24
Fernando Tatis Jr,Fernando Tatis Jr_2019 topps chrome psa 10,2026-06-25 00:00:00+00:00,40.99
Fernando Tatis Jr,Fernando Tatis Jr_2019 topps chrome psa 10,2026-06-29 00:00:00+00:00,33.0
Fernando Tatis Jr,Fernando Tatis Jr_2019 topps chrome psa 10,2026-07-02 00:00:00+00:00,24.47
Fernando Tatis Jr,Fernando Tatis Jr_2019 topps chrome psa 10,2026-07-02 00:00:00+00:00,28.49
Fernando Tatis Jr,Fernando Tatis Jr_2019 topps chrome psa 10,2026-07-02 00:00:00+00:00,26.4
Fernando Tatis Jr,Fernando Tatis Jr_2019 topps chrome psa 10,2026-07-07 00:00:00+00:00,29.99
Fernando Tatis Jr,Fernando Tatis Jr_2019 topps chrome psa 10,2026-07-08 00:00:00+00:00,22.5
Fernando Tatis Jr,Fernando Tatis Jr_2019 topps chrome psa 10,2026-07-13 00:00:00+00:00,24.38
Fernando Tatis Jr,Fernando Tatis Jr_2019 topps chrome psa 10,2026-07-15 00:00:00+00:00,22.5
Fernando Tatis Jr,Fernando Tatis Jr_2019 topps chrome psa 10,2026-07-18 00:00:00+00:00,33.5
Fernando Tatis Jr,Fernando Tatis Jr_2019 topps chrome psa 10,2026-07-18 00:00:00+00:00,32.0
Fernando Tatis Jr,Fernando Tatis Jr_2019 topps chrome psa 10,2026-07-20 00:00:00+00:00,28.49
Fernando Tatis Jr,Fernando Tatis Jr_2019 topps chrome psa 10,2026-07-24 00:00:00+00:00,23.47
Fernando Tatis Jr,Fernando Tatis Jr_2019 topps chrome psa 10,2026-08-04 00:00:00+00:00,25.97
Fernando Tatis Jr,Fernando Tatis Jr_2019 topps chrome psa 10,2026-08-04 00:00:00+00:00,22.49
Fernando Tatis Jr,Fernando Tatis Jr_2019 topps chrome psa 10,2026-08-04 00:00:00+00:00,27.51
Fernando Tatis Jr,Fernando Tatis Jr_2019 topps chrome psa 10,2026-08-06 00:00:00+00:00,16.5
Fernando Tatis Jr,Fernando Tatis Jr_2019 topps chrome psa 10,2026-08-08 00:00:00+00:00,29.49
Fernando Tatis Jr,Fernando Tatis Jr_2019 topps chrome psa 10,2026-08-09 00:00:00+00:00,20.67
Fernando Tatis Jr,Fernando Tatis Jr_2019 topps chrome psa 10,2026-08-09 00:00:00+00:00,35.99
Freddie Freeman,Freddie Freeman_2011 topps chrome psa 10,2017-04-20 21:59:01+00:00,21.51
Freddie Freeman,Freddie Freeman_2011 topps chrome psa 10,2018-10-23 21:15:16+00:00,19.25
Freddie Freeman,Freddie Freeman_2011 topps chrome psa 10,2019-08-18 21:18:51+00:00,53.69
Freddie Freeman,Freddie Freeman_2011 topps chrome psa 10,2019-08-27 22:18:11+00:00,61.51
Freddie Freeman,Freddie Freeman_2011 topps chrome psa 10,2021-01-14 22:31:16+00:00,386.0
Freddie Freeman,Freddie Freeman_2011 topps chrome psa 10,2021-02-16 21:30:14+00:00,480.0
Freddie Freeman,Freddie Freeman_2011 topps chrome psa 10,2021-02-25 23:21:56+00:00,437.0
Freddie Freeman,Freddie Freeman_2011 topps chrome psa 10,2021-04-16 23:45:50+00:00,448.75
Freddie Freeman,Freddie Freeman_2011 topps chrome psa 10,2021-04-28 23:44:23+00:00,478.87
Freddie Freeman,Freddie Freeman_2011 topps chrome psa 10,2022-08-21 23:20:00+00:00,192.0
Freddie Freeman,Freddie Freeman_2011 topps chrome psa 10,2023-01-08 23:14:00+00:00,204.0
Freddie Freeman,Freddie Freeman_2011 topps chrome psa 10,2023-07-02 23:13:00+00:00,216.0
Freddie Freeman,Freddie Freeman_2011 topps chrome psa 10,2023-07-16 23:10:00+00:00,198.0
Freddie Freeman,Freddie Freeman_2011 topps chrome psa 10,2023-07-26 20:00:00+00:00,145.2
Freddie Freeman,Freddie Freeman_2011 topps chrome psa 10,2023-10-01 23:13:00+00:00,198.0
Freddie Freeman,Freddie Freeman_2011 topps chrome psa 10,2023-10-25 20:00:00+00:00,137.86
Freddie Freeman,Freddie Freeman_2011 topps chrome psa 10,2024-03-10 23:20:00+00:00,234.0
Freddie Freeman,Freddie Freeman_2011 topps chrome psa 10,2024-12-22 23:27:00+00:00,312.0
Freddie Freeman,Freddie Freeman_2011 topps chrome psa 10,2025-02-02 23:21:00+00:00,210.0
Freddie Freeman,Freddie Freeman_2011 topps chrome psa 10,2025-04-27 23:18:00+00:00,186.0
Freddie Freeman,Freddie Freeman_2011 topps chrome psa 10,2026-04-03 16:29:45+00:00,369.99
Freddie Freeman,Freddie Freeman_2011 topps chrome psa 10,2026-04-08 16:11:07+00:00,350.0
Gavin Lux,Gavin Lux_2020 topps chrome psa 10,2020-12-15 23:55:15+00:00,40.0
Gavin Lux,Gavin Lux_2020 topps chrome psa 10,2020-12-15 23:55:24+00:00,35.22
Gavin Lux,Gavin Lux_2020 topps chrome psa 10,2020-12-29 23:58:01+00:00,36.0
Gavin Lux,Gavin Lux_2020 topps chrome psa 10,2020-12-29 23:58:06+00:00,41.0
Gavin Lux,Gavin Lux_2020 topps chrome psa 10,2021-05-19 23:54:50+00:00,55.0
Gavin Lux,Gavin Lux_2020 topps chrome psa 10,2021-06-18 23:38:42+00:00,27.0
Gavin Lux,Gavin Lux_2020 topps chrome psa 10,2021-06-30 21:51:07+00:00,29.09
Gavin Lux,Gavin Lux_2020 topps chrome psa 10,2021-06-30 21:51:09+00:00,29.0
Gavin Lux,Gavin Lux_2020 topps chrome psa 10,2021-07-31 22:48:08+00:00,15.0
Gavin Lux,Gavin Lux_2020 topps chrome psa 10,2021-07-31 22:48:12+00:00,20.5
Gavin Lux,Gavin Lux_2020 topps chrome psa 10,2021-10-24 23:17:00+00:00,11.0
Gavin Lux,Gavin Lux_2020 topps chrome psa 10,2021-10-29 23:15:00+00:00,24.0
Gavin Lux,Gavin Lux_2020 topps chrome psa 10,2021-11-14 23:08:00+00:00,20.0
Gavin Lux,Gavin Lux_2020 topps chrome psa 10,2021-11-14 23:08:00+00:00,21.0
Gavin Lux,Gavin Lux_2020 topps chrome psa 10,2022-01-30 23:24:00+00:00,21.6
Gavin Lux,Gavin Lux_2020 topps chrome psa 10,2022-02-06 23:19:00+00:00,19.2
Gavin Lux,Gavin Lux_2020 topps chrome psa 10,2022-02-13 23:19:00+00:00,14.4
Gavin Lux,Gavin Lux_2020 topps chrome psa 10,2022-03-20 23:27:00+00:00,14.4
Gavin Lux,Gavin Lux_2020 topps chrome psa 10,2022-03-20 23:27:00+00:00,12.0
Gavin Lux,Gavin Lux_2020 topps chrome psa 10,2022-03-27 23:26:00+00:00,14.4
Gavin Lux,Gavin Lux_2020 topps chrome psa 10,2022-03-27 23:26:00+00:00,13.2
Gavin Lux,Gavin Lux_2020 topps chrome psa 10,2022-04-17 23:19:00+00:00,25.2
Gavin Lux,Gavin Lux_2020 topps chrome psa 10,2022-05-29 16:00:00+00:00,30.69
Gavin Lux,Gavin Lux_2020 topps chrome psa 10,2022-05-29 23:18:00+00:00,12.0
Gavin Lux,Gavin Lux_2020 topps chrome psa 10,2022-06-05 23:29:00+00:00,19.2
Gavin Lux,Gavin Lux_2020 topps chrome psa 10,2022-06-05 23:29:00+00:00,15.6
Gavin Lux,Gavin Lux_2020 topps chrome psa 10,2022-06-05 23:29:00+00:00,18.0
Gavin Lux,Gavin Lux_2020 topps chrome psa 10,2022-06-12 23:25:00+00:00,16.8
Gavin Lux,Gavin Lux_2020 topps chrome psa 10,2022-06-12 23:25:00+00:00,13.2
Gavin Lux,Gavin Lux_2020 topps chrome psa 10,2022-06-19 23:17:00+00:00,15.6
Gavin Lux,Gavin Lux_2020 topps chrome psa 10,2022-07-03 23:15:00+00:00,12.0
Gavin Lux,Gavin Lux_2020 topps chrome psa 10,2022-07-17 23:17:00+00:00,13.2
Gavin Lux,Gavin Lux_2020 topps chrome psa 10,2022-07-17 23:17:00+00:00,14.4
Gavin Lux,Gavin Lux_2020 topps chrome psa 10,2022-09-17 16:53:27+00:00,15.0
Gavin Lux,Gavin Lux_2020 topps chrome psa 10,2022-11-28 15:00:00+00:00,9.22
Gavin Lux,Gavin Lux_2020 topps chrome psa 10,2022-11-29 14:20:00+00:00,31.94
Gavin Lux,Gavin Lux_2020 topps chrome psa 10,2022-11-30 15:00:00+00:00,13.61
Gavin Lux,Gavin Lux_2020 topps chrome psa 10,2022-12-01 15:00:00+00:00,14.74
Gavin Lux,Gavin Lux_2020 topps chrome psa 10,2022-12-02 12:10:00+00:00,30.71
Gavin Lux,Gavin Lux_2020 topps chrome psa 10,2022-12-03 15:00:00+00:00,12.29
Gavin Lux,Gavin Lux_2020 topps chrome psa 10,2022-12-05 15:00:00+00:00,25.8
Gavin Lux,Gavin Lux_2020 topps chrome psa 10,2022-12-07 15:00:00+00:00,13.51
Gavin Lux,Gavin Lux_2020 topps chrome psa 10,2022-12-10 08:50:00+00:00,24.57
Gavin Lux,Gavin Lux_2020 topps chrome psa 10,2022-12-11 15:00:00+00:00,23.4
Gavin Lux,Gavin Lux_2020 topps chrome psa 10,2022-12-11 23:13:00+00:00,7.2
Gavin Lux,Gavin Lux_2020 topps chrome psa 10,2022-12-12 15:00:00+00:00,19.66
Gavin Lux,Gavin Lux_2020 topps chrome psa 10,2022-12-18 15:00:00+00:00,23.4
Gavin Lux,Gavin Lux_2020 topps chrome psa 10,2023-01-08 23:14:00+00:00,10.8
Gavin Lux,Gavin Lux_2020 topps chrome psa 10,2023-02-11 15:00:00+00:00,24.57
Gavin Lux,Gavin Lux_2020 topps chrome psa 10,2023-03-26 23:24:00+00:00,9.6
Gavin Lux,Gavin Lux_2020 topps chrome psa 10,2023-05-07 23:16:00+00:00,8.4
Gavin Lux,Gavin Lux_2020 topps chrome psa 10,2023-05-10 20:00:00+00:00,6.0
Gavin Lux,Gavin Lux_2020 topps chrome psa 10,2023-05-31 20:00:00+00:00,6.0
Gavin Lux,Gavin Lux_2020 topps chrome psa 10,2023-06-09 16:00:00+00:00,12.29
Gavin Lux,Gavin Lux_2020 topps chrome psa 10,2023-06-25 23:14:00+00:00,7.2
Gavin Lux,Gavin Lux_2020 topps chrome psa 10,2023-07-16 23:10:00+00:00,7.2
Gavin Lux,Gavin Lux_2020 topps chrome psa 10,2023-07-19 20:00:00+00:00,10.8
Gavin Lux,Gavin Lux_2020 topps chrome psa 10,2023-07-19 20:00:00+00:00,13.2
Gavin Lux,Gavin Lux_2020 topps chrome psa 10,2024-01-10 19:00:00+00:00,17.08
Gavin Lux,Gavin Lux_2020 topps chrome psa 10,2024-01-21 23:15:00+00:00,8.4
Gavin Lux,Gavin Lux_2020 topps chrome psa 10,2024-01-21 23:15:00+00:00,9.6
Gavin Lux,Gavin Lux_2020 topps chrome psa 10,2024-01-21 23:15:00+00:00,7.2
Gavin Lux,Gavin Lux_2020 topps chrome psa 10,2024-01-28 23:14:00+00:00,9.6
Gavin Lux,Gavin Lux_2020 topps chrome psa 10,2024-02-04 23:15:00+00:00,8.4
Gavin Lux,Gavin Lux_2020 topps chrome psa 10,2024-03-03 23:22:00+00:00,8.4
Gavin Lux,Gavin Lux_2020 topps chrome psa 10,2024-04-06 16:00:00+00:00,17.55
Gavin Lux,Gavin Lux_2020 topps chrome psa 10,2024-04-08 16:00:00+00:00,17.2
Gavin Lux,Gavin Lux_2020 topps chrome psa 10,2025-06-08 20:33:33+00:00,9.0
Gavin Lux,Gavin Lux_2020 topps chrome psa 10,2025-06-16 06:47:40+00:00,9.0
Gavin Lux,Gavin Lux_2020 topps chrome psa 10,2025-07-02 12:16:57+00:00,9.0
Gavin Lux,Gavin Lux_2020 topps chrome psa 10,2025-10-03 16:02:20+00:00,9.0
Gavin Lux,Gavin Lux_2020 topps chrome psa 10,2026-03-15 23:12:00+00:00,8.4
Gavin Lux,Gavin Lux_2020 topps chrome psa 10,2026-04-05 15:54:32+00:00,7.99
Gavin Lux,Gavin Lux_2020 topps chrome psa 10,2026-04-05 15:54:33+00:00,7.99
Gavin Lux,Gavin Lux_2020 topps chrome psa 10,2026-04-09 20:17:00+00:00,4.37
Gavin Lux,Gavin Lux_2020 topps chrome psa 10,2026-04-10 08:40:42+00:00,12.6
Gavin Lux,Gavin Lux_2020 topps chrome psa 10,2026-04-12 18:08:55+00:00,8.0
Gavin Lux,Gavin Lux_2020 topps chrome psa 10,2026-05-24 00:00:00+00:00,8.78
Gavin Lux,Gavin Lux_2020 topps chrome psa 10,2026-06-04 00:00:00+00:00,9.99
Gavin Lux,Gavin Lux_2020 topps chrome psa 10,2026-06-15 00:00:00+00:00,9.97
Gavin Lux,Gavin Lux_2020 topps chrome psa 10,2026-06-18 00:00:00+00:00,10.78
Gavin Lux,Gavin Lux_2020 topps chrome psa 10,2026-06-19 00:00:00+00:00,12.66
Gavin Lux,Gavin Lux_2020 topps chrome psa 10,2026-06-28 00:00:00+00:00,16.5
Gavin Lux,Gavin Lux_2020 topps chrome psa 10,2026-06-29 00:00:00+00:00,6.99
Gavin Lux,Gavin Lux_2020 topps chrome psa 10,2026-07-13 00:00:00+00:00,26.49
Gavin Lux,Gavin Lux_2020 topps chrome psa 10,2026-07-14 00:00:00+00:00,9.14
Gavin Lux,Gavin Lux_2020 topps chrome psa 10,2026-07-15 00:00:00+00:00,8.97
Gavin Lux,Gavin Lux_2020 topps chrome psa 10,2026-07-21 00:00:00+00:00,10.97
Gavin Lux,Gavin Lux_2020 topps chrome psa 10,2026-07-26 00:00:00+00:00,10.27
Gavin Lux,Gavin Lux_2020 topps chrome psa 10,2026-07-28 00:00:00+00:00,12.17
Gavin Lux,Gavin Lux_2020 topps chrome psa 10,2026-07-30 00:00:00+00:00,11.97
Gavin Lux,Gavin Lux_2020 topps chrome psa 10,2026-08-05 00:00:00+00:00,10.95
Gavin Lux,Gavin Lux_2020 topps chrome psa 10,2026-08-11 00:00:00+00:00,10.39
George Springer,George Springer_2014 topps chrome psa 10,2016-05-16 23:19:01+00:00,9.27
George Springer,George Springer_2014 topps chrome psa 10,2021-07-31 22:11:24+00:00,59.0
George Springer,George Springer_2014 topps chrome psa 10,2021-10-24 23:17:00+00:00,13.0
George Springer,George Springer_2014 topps chrome psa 10,2025-11-12 23:55:56+00:00,21.99
Gleyber Torres,Gleyber Torres_2018 topps chrome psa 10,2019-01-20 23:47:48+00:00,15.5
Gleyber Torres,Gleyber Torres_2018 topps chrome psa 10,2019-02-19 23:36:42+00:00,18.5
Gleyber Torres,Gleyber Torres_2018 topps chrome psa 10,2019-03-19 23:29:55+00:00,13.01
Gleyber Torres,Gleyber Torres_2018 topps chrome psa 10,2019-03-19 23:30:04+00:00,10.0
Gleyber Torres,Gleyber Torres_2018 topps chrome psa 10,2019-03-31 22:45:25+00:00,13.0
Gleyber Torres,Gleyber Torres_2018 topps chrome psa 10,2019-10-20 23:02:44+00:00,42.0
Gleyber Torres,Gleyber Torres_2018 topps chrome psa 10,2020-08-20 22:14:36+00:00,42.0
Gleyber Torres,Gleyber Torres_2018 topps chrome psa 10,2020-09-17 23:15:46+00:00,50.0
Gleyber Torres,Gleyber Torres_2018 topps chrome psa 10,2020-09-30 21:34:41+00:00,73.0
Gleyber Torres,Gleyber Torres_2018 topps chrome psa 10,2020-11-15 22:31:07+00:00,32.0
Gleyber Torres,Gleyber Torres_2018 topps chrome psa 10,2020-11-15 22:31:49+00:00,38.0
Gleyber Torres,Gleyber Torres_2018 topps chrome psa 10,2020-11-29 23:44:04+00:00,36.0
Gleyber Torres,Gleyber Torres_2018 topps chrome psa 10,2020-12-15 23:02:59+00:00,37.0
Gleyber Torres,Gleyber Torres_2018 topps chrome psa 10,2021-02-16 22:22:23+00:00,66.0
Gleyber Torres,Gleyber Torres_2018 topps chrome psa 10,2021-02-16 22:22:29+00:00,68.0
Gleyber Torres,Gleyber Torres_2018 topps chrome psa 10,2021-02-25 23:33:46+00:00,71.0
Gleyber Torres,Gleyber Torres_2018 topps chrome psa 10,2021-04-17 22:35:11+00:00,56.0
Gleyber Torres,Gleyber Torres_2018 topps chrome psa 10,2021-04-17 22:35:17+00:00,61.0
Gleyber Torres,Gleyber Torres_2018 topps chrome psa 10,2021-04-29 21:21:12+00:00,66.0
Gleyber Torres,Gleyber Torres_2018 topps chrome psa 10,2021-04-29 21:21:15+00:00,65.0
Gleyber Torres,Gleyber Torres_2018 topps chrome psa 10,2021-04-29 21:21:17+00:00,82.0
Gleyber Torres,Gleyber Torres_2018 topps chrome psa 10,2021-05-31 21:37:13+00:00,53.0
Gleyber Torres,Gleyber Torres_2018 topps chrome psa 10,2021-05-31 21:37:14+00:00,30.0
Gleyber Torres,Gleyber Torres_2018 topps chrome psa 10,2021-05-31 21:37:15+00:00,25.0
Gleyber Torres,Gleyber Torres_2018 topps chrome psa 10,2021-06-18 21:34:54+00:00,39.0
Gleyber Torres,Gleyber Torres_2018 topps chrome psa 10,2021-06-30 21:27:17+00:00,31.0
Gleyber Torres,Gleyber Torres_2018 topps chrome psa 10,2021-06-30 21:27:18+00:00,33.22
Gleyber Torres,Gleyber Torres_2018 topps chrome psa 10,2021-07-18 22:32:28+00:00,33.0
Gleyber Torres,Gleyber Torres_2018 topps chrome psa 10,2021-07-18 22:32:32+00:00,31.0
Gleyber Torres,Gleyber Torres_2018 topps chrome psa 10,2021-07-29 09:01:32+00:00,40.0
Gleyber Torres,Gleyber Torres_2018 topps chrome psa 10,2021-07-31 22:28:52+00:00,31.0
Gleyber Torres,Gleyber Torres_2018 topps chrome psa 10,2021-07-31 22:28:56+00:00,30.0
Gleyber Torres,Gleyber Torres_2018 topps chrome psa 10,2021-07-31 22:29:38+00:00,26.0
Gleyber Torres,Gleyber Torres_2018 topps chrome psa 10,2021-10-24 23:17:00+00:00,18.0
Gleyber Torres,Gleyber Torres_2018 topps chrome psa 10,2022-02-27 22:50:00+00:00,19.2
Gleyber Torres,Gleyber Torres_2018 topps chrome psa 10,2022-02-27 22:50:00+00:00,21.6
Gleyber Torres,Gleyber Torres_2018 topps chrome psa 10,2022-03-29 05:50:26+00:00,28.5
Gleyber Torres,Gleyber Torres_2018 topps chrome psa 10,2022-05-08 23:16:00+00:00,16.8
Gleyber Torres,Gleyber Torres_2018 topps chrome psa 10,2022-05-11 18:58:33+00:00,19.0
Gleyber Torres,Gleyber Torres_2018 topps chrome psa 10,2022-07-31 23:16:00+00:00,14.4
Gleyber Torres,Gleyber Torres_2018 topps chrome psa 10,2022-10-23 23:24:00+00:00,12.0
Gleyber Torres,Gleyber Torres_2018 topps chrome psa 10,2022-11-30 22:00:00+00:00,8.0
Gleyber Torres,Gleyber Torres_2018 topps chrome psa 10,2023-01-26 15:00:00+00:00,30.42
Gleyber Torres,Gleyber Torres_2018 topps chrome psa 10,2023-01-26 15:00:00+00:00,30.71
Gleyber Torres,Gleyber Torres_2018 topps chrome psa 10,2023-04-09 16:00:00+00:00,63.88
Gleyber Torres,Gleyber Torres_2018 topps chrome psa 10,2023-04-09 23:31:00+00:00,13.2
Gleyber Torres,Gleyber Torres_2018 topps chrome psa 10,2023-06-21 20:00:00+00:00,14.4
Gleyber Torres,Gleyber Torres_2018 topps chrome psa 10,2023-07-02 16:00:00+00:00,23.4
Gleyber Torres,Gleyber Torres_2018 topps chrome psa 10,2023-07-02 23:13:00+00:00,6.0
Gleyber Torres,Gleyber Torres_2018 topps chrome psa 10,2023-07-02 23:13:00+00:00,7.2
Gleyber Torres,Gleyber Torres_2018 topps chrome psa 10,2023-07-09 23:19:00+00:00,9.6
Gleyber Torres,Gleyber Torres_2018 topps chrome psa 10,2023-10-01 23:13:00+00:00,9.6
Gleyber Torres,Gleyber Torres_2018 topps chrome psa 10,2024-01-31 15:00:00+00:00,23.34
Gleyber Torres,Gleyber Torres_2018 topps chrome psa 10,2024-03-31 23:23:00+00:00,13.2
Gleyber Torres,Gleyber Torres_2018 topps chrome psa 10,2024-04-28 22:49:05+00:00,15.0
Gleyber Torres,Gleyber Torres_2018 topps chrome psa 10,2024-06-16 23:20:00+00:00,8.4
Gleyber Torres,Gleyber Torres_2018 topps chrome psa 10,2025-01-12 16:01:24+00:00,9.0
Gleyber Torres,Gleyber Torres_2018 topps chrome psa 10,2025-02-14 20:54:37+00:00,9.0
Gleyber Torres,Gleyber Torres_2018 topps chrome psa 10,2025-06-26 13:28:52+00:00,9.0
Gleyber Torres,Gleyber Torres_2018 topps chrome psa 10,2025-07-02 12:16:57+00:00,9.0
Gleyber Torres,Gleyber Torres_2018 topps chrome psa 10,2025-07-04 01:21:38+00:00,9.0
Gleyber Torres,Gleyber Torres_2018 topps chrome psa 10,2025-07-04 12:26:38+00:00,9.0
Gleyber Torres,Gleyber Torres_2018 topps chrome psa 10,2025-07-13 23:12:00+00:00,16.8
Gleyber Torres,Gleyber Torres_2018 topps chrome psa 10,2025-07-15 14:50:15+00:00,11.0
Gleyber Torres,Gleyber Torres_2018 topps chrome psa 10,2025-07-22 17:15:00+00:00,10.0
Gleyber Torres,Gleyber Torres_2018 topps chrome psa 10,2025-07-26 22:18:05+00:00,10.0
Gleyber Torres,Gleyber Torres_2018 topps chrome psa 10,2025-08-31 23:30:00+00:00,9.6
Gleyber Torres,Gleyber Torres_2018 topps chrome psa 10,2025-09-30 23:01:23+00:00,10.0
Gleyber Torres,Gleyber Torres_2018 topps chrome psa 10,2025-10-11 21:10:05+00:00,10.0
Gleyber Torres,Gleyber Torres_2018 topps chrome psa 10,2026-01-18 15:00:00+00:00,23.4
Gleyber Torres,Gleyber Torres_2018 topps chrome psa 10,2026-04-03 00:13:03+00:00,13.0
Gleyber Torres,Gleyber Torres_2018 topps chrome psa 10,2026-04-05 07:34:44+00:00,12.5
Gleyber Torres,Gleyber Torres_2018 topps chrome psa 10,2026-04-05 11:11:35+00:00,9.99
Gleyber Torres,Gleyber Torres_2018 topps chrome psa 10,2026-04-05 21:02:38+00:00,11.5
Gleyber Torres,Gleyber Torres_2018 topps chrome psa 10,2026-04-05 22:57:00+00:00,4.0
Gleyber Torres,Gleyber Torres_2018 topps chrome psa 10,2026-04-06 03:25:03+00:00,9.99
Gleyber Torres,Gleyber Torres_2018 topps chrome psa 10,2026-04-06 21:07:34+00:00,8.54
Gleyber Torres,Gleyber Torres_2018 topps chrome psa 10,2026-04-09 22:02:00+00:00,6.9
Gleyber Torres,Gleyber Torres_2018 topps chrome psa 10,2026-04-09 22:02:00+00:00,9.5
Gleyber Torres,Gleyber Torres_2018 topps chrome psa 10,2026-04-09 22:34:00+00:00,10.5
Gleyber Torres,Gleyber Torres_2018 topps chrome psa 10,2026-04-10 00:23:02+00:00,14.99
Gleyber Torres,Gleyber Torres_2018 topps chrome psa 10,2026-04-10 16:00:00+00:00,15.96
Gleyber Torres,Gleyber Torres_2018 topps chrome psa 10,2026-04-28 12:27:55+00:00,24.57
Gleyber Torres,Gleyber Torres_2018 topps chrome psa 10,2026-05-19 00:00:00+00:00,9.44
Gleyber Torres,Gleyber Torres_2018 topps chrome psa 10,2026-05-22 00:00:00+00:00,14.39
Gleyber Torres,Gleyber Torres_2018 topps chrome psa 10,2026-05-23 00:00:00+00:00,15.49
Gleyber Torres,Gleyber Torres_2018 topps chrome psa 10,2026-05-24 00:00:00+00:00,7.0
Gleyber Torres,Gleyber Torres_2018 topps chrome psa 10,2026-06-12 00:00:00+00:00,13.98
Gleyber Torres,Gleyber Torres_2018 topps chrome psa 10,2026-06-19 00:00:00+00:00,9.99
Gleyber Torres,Gleyber Torres_2018 topps chrome psa 10,2026-06-20 00:00:00+00:00,6.42
Gleyber Torres,Gleyber Torres_2018 topps chrome psa 10,2026-06-21 00:00:00+00:00,35.99
Gleyber Torres,Gleyber Torres_2018 topps chrome psa 10,2026-06-22 00:00:00+00:00,13.25
Gleyber Torres,Gleyber Torres_2018 topps chrome psa 10,2026-07-07 00:00:00+00:00,19.51
Gleyber Torres,Gleyber Torres_2018 topps chrome psa 10,2026-07-16 00:00:00+00:00,11.7
Gleyber Torres,Gleyber Torres_2018 topps chrome psa 10,2026-07-16 00:00:00+00:00,5.5
Gleyber Torres,Gleyber Torres_2018 topps chrome psa 10,2026-07-19 00:00:00+00:00,12.71
Gleyber Torres,Gleyber Torres_2018 topps chrome psa 10,2026-07-25 00:00:00+00:00,19.45
Gleyber Torres,Gleyber Torres_2018 topps chrome psa 10,2026-07-25 00:00:00+00:00,13.7
Gleyber Torres,Gleyber Torres_2018 topps chrome psa 10,2026-07-30 00:00:00+00:00,10.97
Gleyber Torres,Gleyber Torres_2018 topps chrome psa 10,2026-08-08 00:00:00+00:00,13.19
Gleyber Torres,Gleyber Torres_2018 topps chrome psa 10,2026-08-09 00:00:00+00:00,14.49
Jeff McNeil,Jeff McNeil_2019 topps chrome psa 10,2019-12-12 23:51:04+00:00,12.02
Jeff McNeil,Jeff McNeil_2019 topps chrome psa 10,2020-04-20 23:11:27+00:00,16.5
Jeff McNeil,Jeff McNeil_2019 topps chrome psa 10,2021-03-03 14:05:05+00:00,33.0
Jeff McNeil,Jeff McNeil_2019 topps chrome psa 10,2022-11-30 22:00:00+00:00,13.0
Jeff McNeil,Jeff McNeil_2019 topps chrome psa 10,2022-12-25 23:16:00+00:00,8.4
Jeff McNeil,Jeff McNeil_2019 topps chrome psa 10,2023-01-01 23:19:00+00:00,12.0
Jeff McNeil,Jeff McNeil_2019 topps chrome psa 10,2023-01-08 23:14:00+00:00,12.0
Jeff McNeil,Jeff McNeil_2019 topps chrome psa 10,2023-03-12 23:18:00+00:00,15.6
Jeff McNeil,Jeff McNeil_2019 topps chrome psa 10,2023-03-26 23:24:00+00:00,15.6
Jeff McNeil,Jeff McNeil_2019 topps chrome psa 10,2023-07-02 23:13:00+00:00,7.2
Jeff McNeil,Jeff McNeil_2019 topps chrome psa 10,2023-09-03 23:12:00+00:00,9.6
Jose Ramirez,Jose Ramirez_2014 topps chrome psa 10,2018-10-23 22:04:41+00:00,14.89
Jose Ramirez,Jose Ramirez_2014 topps chrome psa 10,2018-10-23 22:04:52+00:00,14.69
Jose Ramirez,Jose Ramirez_2014 topps chrome psa 10,2018-10-31 22:40:25+00:00,23.0
Jose Ramirez,Jose Ramirez_2014 topps chrome psa 10,2019-02-19 22:26:45+00:00,31.0
Jose Ramirez,Jose Ramirez_2014 topps chrome psa 10,2021-08-24 20:06:55+00:00,175.0
Jose Ramirez,Jose Ramirez_2014 topps chrome psa 10,2022-04-02 16:53:49+00:00,125.0
Jose Ramirez,Jose Ramirez_2014 topps chrome psa 10,2023-10-25 20:00:00+00:00,109.8
Jose Ramirez,Jose Ramirez_2014 topps chrome psa 10,2025-01-03 13:44:49+00:00,139.0
Jose Ramirez,Jose Ramirez_2014 topps chrome psa 10,2026-01-01 22:32:35+00:00,191.54
Kris Bryant,Kris Bryant_2015 topps chrome psa 10,2015-11-15 23:47:41+00:00,24.94
Kris Bryant,Kris Bryant_2015 topps chrome psa 10,2015-11-25 23:24:31+00:00,41.75
Kris Bryant,Kris Bryant_2015 topps chrome psa 10,2016-02-16 00:35:21+00:00,31.0
Kris Bryant,Kris Bryant_2015 topps chrome psa 10,2016-09-19 00:01:16+00:00,75.0
Kris Bryant,Kris Bryant_2015 topps chrome psa 10,2016-10-02 17:30:31+00:00,45.0
Kris Bryant,Kris Bryant_2015 topps chrome psa 10,2016-12-22 00:27:16+00:00,40.0
Kris Bryant,Kris Bryant_2015 topps chrome psa 10,2021-02-28 19:21:05+00:00,80.0
Kris Bryant,Kris Bryant_2015 topps chrome psa 10,2021-03-17 23:25:39+00:00,113.5
Kris Bryant,Kris Bryant_2015 topps chrome psa 10,2021-04-17 21:35:45+00:00,150.0
Kris Bryant,Kris Bryant_2015 topps chrome psa 10,2021-04-28 23:58:23+00:00,168.5
Kris Bryant,Kris Bryant_2015 topps chrome psa 10,2021-07-18 21:31:58+00:00,93.51
Kris Bryant,Kris Bryant_2015 topps chrome psa 10,2021-11-19 23:21:00+00:00,46.0
Kris Bryant,Kris Bryant_2015 topps chrome psa 10,2022-04-17 23:19:00+00:00,43.2
Kris Bryant,Kris Bryant_2015 topps chrome psa 10,2022-05-08 23:16:00+00:00,30.0
Kris Bryant,Kris Bryant_2015 topps chrome psa 10,2023-01-15 23:16:00+00:00,31.2
Kris Bryant,Kris Bryant_2015 topps chrome psa 10,2023-03-26 23:24:00+00:00,19.2
Kris Bryant,Kris Bryant_2015 topps chrome psa 10,2023-10-22 23:17:00+00:00,9.6
Kris Bryant,Kris Bryant_2015 topps chrome psa 10,2024-04-21 23:18:00+00:00,19.2
Kris Bryant,Kris Bryant_2015 topps chrome psa 10,2025-10-05 23:23:00+00:00,13.2
Kyle Schwarber,Kyle Schwarber_2016 topps chrome psa 10,2017-03-19 23:50:01+00:00,21.51
Kyle Schwarber,Kyle Schwarber_2016 topps chrome psa 10,2017-06-14 00:23:46+00:00,21.71
Kyle Schwarber,Kyle Schwarber_2016 topps chrome psa 10,2017-06-22 22:29:46+00:00,8.27
Kyle Schwarber,Kyle Schwarber_2016 topps chrome psa 10,2017-09-19 23:18:01+00:00,5.14
Kyle Schwarber,Kyle Schwarber_2016 topps chrome psa 10,2018-08-21 21:29:58+00:00,7.5
Kyle Schwarber,Kyle Schwarber_2016 topps chrome psa 10,2020-10-29 21:19:33+00:00,17.5
Kyle Schwarber,Kyle Schwarber_2016 topps chrome psa 10,2022-02-27 22:50:00+00:00,13.2
Kyle Schwarber,Kyle Schwarber_2016 topps chrome psa 10,2022-02-27 22:50:00+00:00,16.8
Kyle Schwarber,Kyle Schwarber_2016 topps chrome psa 10,2022-02-27 22:50:00+00:00,15.6
Kyle Schwarber,Kyle Schwarber_2016 topps chrome psa 10,2022-11-01 22:08:55+00:00,65.0
Kyle Schwarber,Kyle Schwarber_2016 topps chrome psa 10,2025-10-15 05:59:32+00:00,75.0
Kyle Schwarber,Kyle Schwarber_2016 topps chrome psa 10,2025-10-19 23:13:00+00:00,46.8
Kyle Schwarber,Kyle Schwarber_2016 topps chrome psa 10,2026-04-03 08:35:49+00:00,100.0
Kyle Schwarber,Kyle Schwarber_2016 topps chrome psa 10,2026-04-10 10:12:18+00:00,99.99
Kyle Schwarber,Kyle Schwarber_2016 topps chrome psa 10,2026-04-15 16:15:00+00:00,103.53
Kyle Tucker,Kyle Tucker_2019 topps chrome psa 10,2020-03-19 23:28:48+00:00,10.01
Kyle Tucker,Kyle Tucker_2019 topps chrome psa 10,2021-02-16 23:17:59+00:00,60.0
Kyle Tucker,Kyle Tucker_2019 topps chrome psa 10,2021-02-25 23:50:31+00:00,76.0
Kyle Tucker,Kyle Tucker_2019 topps chrome psa 10,2021-03-18 22:47:22+00:00,64.0
Kyle Tucker,Kyle Tucker_2019 topps chrome psa 10,2023-08-16 12:26:59+00:00,54.0
Kyle Tucker,Kyle Tucker_2019 topps chrome psa 10,2023-08-17 04:17:04+00:00,59.0
Kyle Tucker,Kyle Tucker_2019 topps chrome psa 10,2023-12-17 23:18:00+00:00,25.2
Kyle Tucker,Kyle Tucker_2019 topps chrome psa 10,2024-01-28 23:14:00+00:00,20.4
Kyle Tucker,Kyle Tucker_2019 topps chrome psa 10,2024-03-10 23:20:00+00:00,25.2
Kyle Tucker,Kyle Tucker_2019 topps chrome psa 10,2025-05-11 23:14:00+00:00,25.2
Kyle Tucker,Kyle Tucker_2019 topps chrome psa 10,2025-06-22 23:15:00+00:00,27.6
Kyle Tucker,Kyle Tucker_2019 topps chrome psa 10,2025-07-13 23:12:00+00:00,46.8
Kyle Tucker,Kyle Tucker_2019 topps chrome psa 10,2025-10-31 16:00:00+00:00,38.08
Kyle Tucker,Kyle Tucker_2019 topps chrome psa 10,2026-03-15 23:12:00+00:00,32.4
Kyle Tucker,Kyle Tucker_2019 topps chrome psa 10,2026-03-22 23:35:00+00:00,28.8
Kyle Tucker,Kyle Tucker_2019 topps chrome psa 10,2026-04-07 10:17:26+00:00,39.95
Kyle Tucker,Kyle Tucker_2019 topps chrome psa 10,2026-04-14 21:00:01+00:00,21.5
Kyle Tucker,Kyle Tucker_2019 topps chrome psa 10,2026-05-25 00:00:00+00:00,40.58
Kyle Tucker,Kyle Tucker_2019 topps chrome psa 10,2026-05-27 00:00:00+00:00,35.0
Kyle Tucker,Kyle Tucker_2019 topps chrome psa 10,2026-05-31 00:00:00+00:00,37.0
Kyle Tucker,Kyle Tucker_2019 topps chrome psa 10,2026-06-26 00:00:00+00:00,39.99
Kyle Tucker,Kyle Tucker_2019 topps chrome psa 10,2026-07-10 00:00:00+00:00,16.5
Kyle Tucker,Kyle Tucker_2019 topps chrome psa 10,2026-07-10 00:00:00+00:00,30.48
Kyle Tucker,Kyle Tucker_2019 topps chrome psa 10,2026-07-10 00:00:00+00:00,21.36
Kyle Tucker,Kyle Tucker_2019 topps chrome psa 10,2026-08-12 00:00:00+00:00,29.95
Luis Robert,Luis Robert_2020 topps chrome psa 10,2021-12-12 23:08:00+00:00,62.0
Luis Robert,Luis Robert_2020 topps chrome psa 10,2021-12-17 23:20:00+00:00,48.0
Luis Robert,Luis Robert_2020 topps chrome psa 10,2022-05-08 23:16:00+00:00,28.8
Luis Robert,Luis Robert_2020 topps chrome psa 10,2022-05-14 16:00:00+00:00,43.01
Luis Robert,Luis Robert_2020 topps chrome psa 10,2022-05-22 16:00:00+00:00,37.78
Luis Robert,Luis Robert_2020 topps chrome psa 10,2022-05-29 16:00:00+00:00,58.5
Luis Robert,Luis Robert_2020 topps chrome psa 10,2022-05-29 23:18:00+00:00,28.8
Luis Robert,Luis Robert_2020 topps chrome psa 10,2022-05-29 23:18:00+00:00,27.6
Luis Robert,Luis Robert_2020 topps chrome psa 10,2022-06-21 16:00:00+00:00,43.01
Luis Robert,Luis Robert_2020 topps chrome psa 10,2022-07-03 16:00:00+00:00,73.71
Luis Robert,Luis Robert_2020 topps chrome psa 10,2022-07-03 23:15:00+00:00,16.8
Luis Robert,Luis Robert_2020 topps chrome psa 10,2022-07-17 23:17:00+00:00,24.0
Luis Robert,Luis Robert_2020 topps chrome psa 10,2022-07-17 23:17:00+00:00,19.2
Luis Robert,Luis Robert_2020 topps chrome psa 10,2022-07-24 23:19:00+00:00,22.8
Luis Robert,Luis Robert_2020 topps chrome psa 10,2022-07-24 23:19:00+00:00,16.8
Luis Robert,Luis Robert_2020 topps chrome psa 10,2022-07-31 23:16:00+00:00,19.2
Luis Robert,Luis Robert_2020 topps chrome psa 10,2022-07-31 23:16:00+00:00,21.6
Luis Robert,Luis Robert_2020 topps chrome psa 10,2022-07-31 23:16:00+00:00,27.6
Luis Robert,Luis Robert_2020 topps chrome psa 10,2022-07-31 23:16:00+00:00,28.8
Luis Robert,Luis Robert_2020 topps chrome psa 10,2022-08-07 23:20:00+00:00,21.6
Luis Robert,Luis Robert_2020 topps chrome psa 10,2022-08-07 23:20:00+00:00,22.8
Luis Robert,Luis Robert_2020 topps chrome psa 10,2022-08-14 23:19:00+00:00,16.8
Luis Robert,Luis Robert_2020 topps chrome psa 10,2022-08-28 23:13:00+00:00,18.0
Luis Robert,Luis Robert_2020 topps chrome psa 10,2022-09-25 07:40:00+00:00,24.57
Luis Robert,Luis Robert_2020 topps chrome psa 10,2022-10-02 23:17:00+00:00,15.6
Luis Robert,Luis Robert_2020 topps chrome psa 10,2022-10-09 23:25:00+00:00,22.8
Luis Robert,Luis Robert_2020 topps chrome psa 10,2022-10-23 23:24:00+00:00,16.8
Luis Robert,Luis Robert_2020 topps chrome psa 10,2022-12-02 15:00:00+00:00,28.08
Luis Robert,Luis Robert_2020 topps chrome psa 10,2022-12-03 15:00:00+00:00,24.65
Luis Robert,Luis Robert_2020 topps chrome psa 10,2022-12-04 15:00:00+00:00,18.43
Luis Robert,Luis Robert_2020 topps chrome psa 10,2022-12-04 23:26:00+00:00,16.8
Luis Robert,Luis Robert_2020 topps chrome psa 10,2022-12-06 11:20:00+00:00,21.83
Luis Robert,Luis Robert_2020 topps chrome psa 10,2022-12-07 10:00:00+00:00,18.43
Luis Robert,Luis Robert_2020 topps chrome psa 10,2022-12-07 12:00:00+00:00,14.74
Luis Robert,Luis Robert_2020 topps chrome psa 10,2022-12-08 10:50:00+00:00,18.43
Luis Robert,Luis Robert_2020 topps chrome psa 10,2022-12-08 13:20:00+00:00,20.88
Luis Robert,Luis Robert_2020 topps chrome psa 10,2022-12-08 15:00:00+00:00,24.57
Luis Robert,Luis Robert_2020 topps chrome psa 10,2022-12-08 15:20:00+00:00,27.03
Luis Robert,Luis Robert_2020 topps chrome psa 10,2022-12-09 12:40:00+00:00,23.4
Luis Robert,Luis Robert_2020 topps chrome psa 10,2022-12-09 14:40:00+00:00,61.43
Luis Robert,Luis Robert_2020 topps chrome psa 10,2022-12-24 09:10:00+00:00,18.71
Luis Robert,Luis Robert_2020 topps chrome psa 10,2022-12-25 23:16:00+00:00,18.0
Luis Robert,Luis Robert_2020 topps chrome psa 10,2023-02-09 19:00:00+00:00,22.8
Luis Robert,Luis Robert_2020 topps chrome psa 10,2023-02-11 15:00:00+00:00,20.94
Luis Robert,Luis Robert_2020 topps chrome psa 10,2023-02-11 15:00:00+00:00,22.17
Luis Robert,Luis Robert_2020 topps chrome psa 10,2023-02-19 23:19:00+00:00,15.6
Luis Robert,Luis Robert_2020 topps chrome psa 10,2023-02-26 23:29:00+00:00,19.2
Luis Robert,Luis Robert_2020 topps chrome psa 10,2023-02-26 23:29:00+00:00,15.6
Luis Robert,Luis Robert_2020 topps chrome psa 10,2023-02-26 23:29:00+00:00,16.8
Luis Robert,Luis Robert_2020 topps chrome psa 10,2023-02-26 23:29:00+00:00,18.0
Luis Robert,Luis Robert_2020 topps chrome psa 10,2023-03-05 23:17:00+00:00,19.2
Luis Robert,Luis Robert_2020 topps chrome psa 10,2023-03-12 23:18:00+00:00,19.2
Luis Robert,Luis Robert_2020 topps chrome psa 10,2023-03-12 23:18:00+00:00,18.0
Luis Robert,Luis Robert_2020 topps chrome psa 10,2023-03-26 23:24:00+00:00,12.0
Luis Robert,Luis Robert_2020 topps chrome psa 10,2023-04-09 23:31:00+00:00,16.8
Luis Robert,Luis Robert_2020 topps chrome psa 10,2023-04-16 23:23:00+00:00,19.2
Luis Robert,Luis Robert_2020 topps chrome psa 10,2023-04-23 23:14:00+00:00,14.4
Luis Robert,Luis Robert_2020 topps chrome psa 10,2023-05-07 23:16:00+00:00,10.8
Luis Robert,Luis Robert_2020 topps chrome psa 10,2023-05-10 20:00:00+00:00,13.2
Luis Robert,Luis Robert_2020 topps chrome psa 10,2023-05-10 20:00:00+00:00,8.4
Luis Robert,Luis Robert_2020 topps chrome psa 10,2023-05-21 23:18:00+00:00,18.0
Luis Robert,Luis Robert_2020 topps chrome psa 10,2023-05-28 16:00:00+00:00,23.4
Luis Robert,Luis Robert_2020 topps chrome psa 10,2023-05-28 23:12:00+00:00,16.8
Luis Robert,Luis Robert_2020 topps chrome psa 10,2023-05-28 23:12:00+00:00,15.6
Luis Robert,Luis Robert_2020 topps chrome psa 10,2023-05-31 20:00:00+00:00,10.8
Luis Robert,Luis Robert_2020 topps chrome psa 10,2023-06-04 23:20:00+00:00,13.2
Luis Robert,Luis Robert_2020 topps chrome psa 10,2023-06-21 20:00:00+00:00,15.6
Luis Robert,Luis Robert_2020 topps chrome psa 10,2023-07-02 23:13:00+00:00,19.2
Luis Robert,Luis Robert_2020 topps chrome psa 10,2023-07-05 20:00:00+00:00,15.6
Luis Robert,Luis Robert_2020 topps chrome psa 10,2023-07-05 20:00:00+00:00,148.8
Luis Robert,Luis Robert_2020 topps chrome psa 10,2023-07-05 20:00:00+00:00,26.4
Luis Robert,Luis Robert_2020 topps chrome psa 10,2023-07-05 20:00:00+00:00,20.4
Luis Robert,Luis Robert_2020 topps chrome psa 10,2023-07-05 20:00:00+00:00,19.2
Luis Robert,Luis Robert_2020 topps chrome psa 10,2023-07-09 23:19:00+00:00,19.2
Luis Robert,Luis Robert_2020 topps chrome psa 10,2023-07-12 20:00:00+00:00,10.8
Luis Robert,Luis Robert_2020 topps chrome psa 10,2023-07-12 20:00:00+00:00,15.6
Luis Robert,Luis Robert_2020 topps chrome psa 10,2023-07-12 20:00:00+00:00,14.4
Luis Robert,Luis Robert_2020 topps chrome psa 10,2023-07-19 20:00:00+00:00,15.6
Luis Robert,Luis Robert_2020 topps chrome psa 10,2023-07-19 20:00:00+00:00,12.0
Luis Robert,Luis Robert_2020 topps chrome psa 10,2023-07-19 20:00:00+00:00,14.4
Luis Robert,Luis Robert_2020 topps chrome psa 10,2023-07-23 23:16:00+00:00,14.4
Luis Robert,Luis Robert_2020 topps chrome psa 10,2023-07-23 23:16:00+00:00,16.8
Luis Robert,Luis Robert_2020 topps chrome psa 10,2023-08-13 23:16:00+00:00,16.8
Luis Robert,Luis Robert_2020 topps chrome psa 10,2023-09-17 23:17:00+00:00,13.2
Luis Robert,Luis Robert_2020 topps chrome psa 10,2023-09-20 20:00:00+00:00,13.2
Luis Robert,Luis Robert_2020 topps chrome psa 10,2023-09-24 23:25:00+00:00,20.4
Luis Robert,Luis Robert_2020 topps chrome psa 10,2023-09-28 22:13:36+00:00,20.0
Luis Robert,Luis Robert_2020 topps chrome psa 10,2023-10-04 20:00:00+00:00,13.42
Luis Robert,Luis Robert_2020 topps chrome psa 10,2023-10-15 23:21:00+00:00,15.6
Luis Robert,Luis Robert_2020 topps chrome psa 10,2023-11-08 19:00:00+00:00,24.4
Luis Robert,Luis Robert_2020 topps chrome psa 10,2023-11-29 19:00:00+00:00,28.06
Luis Robert,Luis Robert_2020 topps chrome psa 10,2024-01-21 23:15:00+00:00,13.2
Luis Robert,Luis Robert_2020 topps chrome psa 10,2024-02-04 23:15:00+00:00,15.6
Luis Robert,Luis Robert_2020 topps chrome psa 10,2024-02-11 23:10:00+00:00,16.8
Luis Robert,Luis Robert_2020 topps chrome psa 10,2024-02-11 23:10:00+00:00,14.4
Luis Robert,Luis Robert_2020 topps chrome psa 10,2024-02-18 23:32:00+00:00,13.2
Luis Robert,Luis Robert_2020 topps chrome psa 10,2024-02-21 19:00:00+00:00,18.3
Luis Robert,Luis Robert_2020 topps chrome psa 10,2024-02-25 23:14:00+00:00,12.0
Luis Robert,Luis Robert_2020 topps chrome psa 10,2024-03-03 23:22:00+00:00,12.0
Luis Robert,Luis Robert_2020 topps chrome psa 10,2024-03-10 23:20:00+00:00,13.2
Luis Robert,Luis Robert_2020 topps chrome psa 10,2024-03-17 23:19:00+00:00,10.8
Luis Robert,Luis Robert_2020 topps chrome psa 10,2024-03-20 20:00:00+00:00,12.2
Luis Robert,Luis Robert_2020 topps chrome psa 10,2024-03-24 23:21:00+00:00,13.2
Luis Robert,Luis Robert_2020 topps chrome psa 10,2024-03-31 00:07:39+00:00,15.0
Luis Robert,Luis Robert_2020 topps chrome psa 10,2024-03-31 23:23:00+00:00,9.6
Luis Robert,Luis Robert_2020 topps chrome psa 10,2024-03-31 23:23:00+00:00,10.8
Luis Robert,Luis Robert_2020 topps chrome psa 10,2024-03-31 23:31:36+00:00,15.0
Luis Robert,Luis Robert_2020 topps chrome psa 10,2024-04-07 23:15:00+00:00,12.0
Luis Robert,Luis Robert_2020 topps chrome psa 10,2024-04-14 23:17:00+00:00,12.0
Luis Robert,Luis Robert_2020 topps chrome psa 10,2024-04-14 23:17:00+00:00,10.8
Luis Robert,Luis Robert_2020 topps chrome psa 10,2024-04-21 23:18:00+00:00,8.4
Luis Robert,Luis Robert_2020 topps chrome psa 10,2024-04-28 23:19:00+00:00,9.6
Luis Robert,Luis Robert_2020 topps chrome psa 10,2024-05-05 23:18:00+00:00,9.6
Luis Robert,Luis Robert_2020 topps chrome psa 10,2024-05-13 17:07:17+00:00,15.0
Luis Robert,Luis Robert_2020 topps chrome psa 10,2024-06-02 23:17:00+00:00,10.8
Luis Robert,Luis Robert_2020 topps chrome psa 10,2025-01-26 23:13:00+00:00,7.2
Luis Robert,Luis Robert_2020 topps chrome psa 10,2025-03-16 16:00:00+00:00,23.4
Luis Robert,Luis Robert_2020 topps chrome psa 10,2025-03-25 13:40:00+00:00,19.66
Luis Robert,Luis Robert_2020 topps chrome psa 10,2025-04-01 11:40:00+00:00,17.2
Luis Robert,Luis Robert_2020 topps chrome psa 10,2025-05-11 23:14:00+00:00,6.0
Luis Robert,Luis Robert_2020 topps chrome psa 10,2025-05-18 23:22:00+00:00,6.0
Luis Robert,Luis Robert_2020 topps chrome psa 10,2025-05-25 23:20:00+00:00,7.2
Luis Robert,Luis Robert_2020 topps chrome psa 10,2025-06-15 23:21:00+00:00,9.6
Luis Robert,Luis Robert_2020 topps chrome psa 10,2025-07-20 23:17:00+00:00,8.4
Luis Robert,Luis Robert_2020 topps chrome psa 10,2025-08-31 23:30:00+00:00,7.2
Luis Robert,Luis Robert_2020 topps chrome psa 10,2025-09-07 23:30:00+00:00,6.0
Luis Robert,Luis Robert_2020 topps chrome psa 10,2025-09-28 23:20:00+00:00,8.4
Luis Robert,Luis Robert_2020 topps chrome psa 10,2025-10-12 23:18:00+00:00,8.4
Luis Robert,Luis Robert_2020 topps chrome psa 10,2025-10-26 16:00:00+00:00,9.37
Luis Robert,Luis Robert_2020 topps chrome psa 10,2026-02-18 09:29:09+00:00,5.25
Luis Robert,Luis Robert_2020 topps chrome psa 10,2026-02-20 07:28:23+00:00,10.0
Luis Robert,Luis Robert_2020 topps chrome psa 10,2026-02-20 07:48:23+00:00,14.5
Luis Robert,Luis Robert_2020 topps chrome psa 10,2026-03-07 15:00:00+00:00,18.43
Luis Robert,Luis Robert_2020 topps chrome psa 10,2026-03-10 16:00:00+00:00,17.18
Luis Robert,Luis Robert_2020 topps chrome psa 10,2026-04-02 21:42:07+00:00,8.0
Luis Robert,Luis Robert_2020 topps chrome psa 10,2026-04-03 01:21:10+00:00,6.5
Luis Robert,Luis Robert_2020 topps chrome psa 10,2026-04-03 20:07:01+00:00,5.95
Luis Robert,Luis Robert_2020 topps chrome psa 10,2026-04-05 19:31:41+00:00,7.0
Luis Robert,Luis Robert_2020 topps chrome psa 10,2026-04-05 20:39:06+00:00,11.5
Luis Robert,Luis Robert_2020 topps chrome psa 10,2026-04-05 20:57:55+00:00,10.5
Luis Robert,Luis Robert_2020 topps chrome psa 10,2026-04-05 21:49:53+00:00,17.5
Luis Robert,Luis Robert_2020 topps chrome psa 10,2026-04-05 22:51:00+00:00,4.25
Luis Robert,Luis Robert_2020 topps chrome psa 10,2026-04-05 23:01:00+00:00,9.5
Luis Robert,Luis Robert_2020 topps chrome psa 10,2026-04-05 23:05:00+00:00,6.61
Luis Robert,Luis Robert_2020 topps chrome psa 10,2026-04-06 12:57:32+00:00,12.6
Luis Robert,Luis Robert_2020 topps chrome psa 10,2026-04-06 20:46:40+00:00,14.5
Luis Robert,Luis Robert_2020 topps chrome psa 10,2026-04-07 00:08:03+00:00,9.95
Luis Robert,Luis Robert_2020 topps chrome psa 10,2026-04-07 23:01:11+00:00,14.0
Luis Robert,Luis Robert_2020 topps chrome psa 10,2026-04-08 22:33:15+00:00,8.5
Luis Robert,Luis Robert_2020 topps chrome psa 10,2026-04-09 19:24:49+00:00,14.0
Luis Robert,Luis Robert_2020 topps chrome psa 10,2026-05-16 00:00:00+00:00,9.24
Luis Robert,Luis Robert_2020 topps chrome psa 10,2026-05-17 00:00:00+00:00,12.0
Luis Robert,Luis Robert_2020 topps chrome psa 10,2026-05-17 00:00:00+00:00,13.0
Luis Robert,Luis Robert_2020 topps chrome psa 10,2026-05-18 00:00:00+00:00,12.49
Luis Robert,Luis Robert_2020 topps chrome psa 10,2026-05-19 00:00:00+00:00,12.0
Luis Robert,Luis Robert_2020 topps chrome psa 10,2026-05-22 00:00:00+00:00,15.96
Luis Robert,Luis Robert_2020 topps chrome psa 10,2026-05-24 00:00:00+00:00,21.49
Luis Robert,Luis Robert_2020 topps chrome psa 10,2026-05-24 00:00:00+00:00,14.5
Luis Robert,Luis Robert_2020 topps chrome psa 10,2026-05-30 00:00:00+00:00,9.15
Luis Robert,Luis Robert_2020 topps chrome psa 10,2026-06-01 00:00:00+00:00,14.99
Luis Robert,Luis Robert_2020 topps chrome psa 10,2026-06-06 00:00:00+00:00,10.49
Luis Robert,Luis Robert_2020 topps chrome psa 10,2026-06-10 00:00:00+00:00,13.49
Luis Robert,Luis Robert_2020 topps chrome psa 10,2026-06-10 00:00:00+00:00,10.49
Luis Robert,Luis Robert_2020 topps chrome psa 10,2026-06-14 00:00:00+00:00,8.35
Luis Robert,Luis Robert_2020 topps chrome psa 10,2026-06-15 00:00:00+00:00,13.97
Luis Robert,Luis Robert_2020 topps chrome psa 10,2026-06-15 00:00:00+00:00,11.79
Luis Robert,Luis Robert_2020 topps chrome psa 10,2026-06-18 00:00:00+00:00,15.44
Luis Robert,Luis Robert_2020 topps chrome psa 10,2026-06-20 00:00:00+00:00,6.65
Luis Robert,Luis Robert_2020 topps chrome psa 10,2026-06-21 00:00:00+00:00,7.5
Luis Robert,Luis Robert_2020 topps chrome psa 10,2026-06-21 00:00:00+00:00,10.5
Luis Robert,Luis Robert_2020 topps chrome psa 10,2026-06-22 00:00:00+00:00,13.98
Luis Robert,Luis Robert_2020 topps chrome psa 10,2026-06-22 00:00:00+00:00,13.96
Luis Robert,Luis Robert_2020 topps chrome psa 10,2026-06-25 00:00:00+00:00,12.5
Luis Robert,Luis Robert_2020 topps chrome psa 10,2026-06-25 00:00:00+00:00,18.49
Luis Robert,Luis Robert_2020 topps chrome psa 10,2026-06-28 00:00:00+00:00,12.98
Luis Robert,Luis Robert_2020 topps chrome psa 10,2026-06-29 00:00:00+00:00,14.48
Luis Robert,Luis Robert_2020 topps chrome psa 10,2026-07-02 00:00:00+00:00,13.3
Luis Robert,Luis Robert_2020 topps chrome psa 10,2026-07-03 00:00:00+00:00,8.86
Luis Robert,Luis Robert_2020 topps chrome psa 10,2026-07-04 00:00:00+00:00,9.63
Luis Robert,Luis Robert_2020 topps chrome psa 10,2026-07-05 00:00:00+00:00,16.21
Luis Robert,Luis Robert_2020 topps chrome psa 10,2026-07-05 00:00:00+00:00,16.26
Luis Robert,Luis Robert_2020 topps chrome psa 10,2026-07-06 00:00:00+00:00,12.75
Luis Robert,Luis Robert_2020 topps chrome psa 10,2026-07-06 00:00:00+00:00,10.0
Luis Robert,Luis Robert_2020 topps chrome psa 10,2026-07-06 00:00:00+00:00,9.59
Luis Robert,Luis Robert_2020 topps chrome psa 10,2026-07-06 00:00:00+00:00,23.49
Luis Robert,Luis Robert_2020 topps chrome psa 10,2026-07-06 00:00:00+00:00,12.0
Luis Robert,Luis Robert_2020 topps chrome psa 10,2026-07-07 00:00:00+00:00,6.88
Luis Robert,Luis Robert_2020 topps chrome psa 10,2026-07-19 00:00:00+00:00,6.39
Luis Robert,Luis Robert_2020 topps chrome psa 10,2026-07-19 00:00:00+00:00,13.25
Luis Robert,Luis Robert_2020 topps chrome psa 10,2026-07-19 00:00:00+00:00,6.65
Luis Robert,Luis Robert_2020 topps chrome psa 10,2026-07-21 00:00:00+00:00,13.25
Luis Robert,Luis Robert_2020 topps chrome psa 10,2026-07-21 00:00:00+00:00,35.99
Luis Robert,Luis Robert_2020 topps chrome psa 10,2026-07-21 00:00:00+00:00,7.96
Luis Robert,Luis Robert_2020 topps chrome psa 10,2026-07-21 00:00:00+00:00,9.95
Luis Robert,Luis Robert_2020 topps chrome psa 10,2026-07-23 00:00:00+00:00,7.68
Luis Robert,Luis Robert_2020 topps chrome psa 10,2026-07-24 00:00:00+00:00,9.0
Luis Robert,Luis Robert_2020 topps chrome psa 10,2026-07-25 00:00:00+00:00,6.27
Luis Robert,Luis Robert_2020 topps chrome psa 10,2026-07-26 00:00:00+00:00,11.04
Luis Robert,Luis Robert_2020 topps chrome psa 10,2026-07-26 00:00:00+00:00,5.35
Luis Robert,Luis Robert_2020 topps chrome psa 10,2026-07-28 00:00:00+00:00,16.49
Luis Robert,Luis Robert_2020 topps chrome psa 10,2026-08-01 00:00:00+00:00,4.49
Luis Robert,Luis Robert_2020 topps chrome psa 10,2026-08-02 00:00:00+00:00,23.99
Luis Robert,Luis Robert_2020 topps chrome psa 10,2026-08-03 00:00:00+00:00,14.5
Luis Robert,Luis Robert_2020 topps chrome psa 10,2026-08-04 00:00:00+00:00,10.0
Luis Robert,Luis Robert_2020 topps chrome psa 10,2026-08-08 00:00:00+00:00,7.49
Luis Robert,Luis Robert_2020 topps chrome psa 10,2026-08-09 00:00:00+00:00,8.99
Luis Robert,Luis Robert_2020 topps chrome psa 10,2026-08-10 00:00:00+00:00,7.68
Luis Robert,Luis Robert_2020 topps chrome psa 10,2026-08-10 00:00:00+00:00,9.65
Luis Robert,Luis Robert_2020 topps chrome psa 10,2026-08-11 00:00:00+00:00,10.4
Manny Machado,Manny Machado_2013 topps chrome psa 10,2017-02-17 00:14:16+00:00,29.0
Manny Machado,Manny Machado_2013 topps chrome psa 10,2017-02-28 22:42:01+00:00,21.5
Manny Machado,Manny Machado_2013 topps chrome psa 10,2017-08-17 23:06:01+00:00,46.0
Manny Machado,Manny Machado_2013 topps chrome psa 10,2017-10-18 21:22:01+00:00,20.51
Manny Machado,Manny Machado_2013 topps chrome psa 10,2017-11-19 21:05:16+00:00,36.85
Manny Machado,Manny Machado_2013 topps chrome psa 10,2018-10-23 21:50:40+00:00,21.5
Manny Machado,Manny Machado_2013 topps chrome psa 10,2018-12-09 22:58:21+00:00,38.0
Manny Machado,Manny Machado_2013 topps chrome psa 10,2018-12-18 21:53:31+00:00,40.0
Manny Machado,Manny Machado_2013 topps chrome psa 10,2019-02-19 22:13:23+00:00,33.0
Manny Machado,Manny Machado_2013 topps chrome psa 10,2019-06-17 23:52:10+00:00,27.99
Manny Machado,Manny Machado_2013 topps chrome psa 10,2019-07-22 23:35:21+00:00,32.44
Manny Machado,Manny Machado_2013 topps chrome psa 10,2019-07-22 23:35:30+00:00,24.5
Manny Machado,Manny Machado_2013 topps chrome psa 10,2019-07-31 22:36:03+00:00,30.0
Manny Machado,Manny Machado_2013 topps chrome psa 10,2019-07-31 22:36:13+00:00,21.5
Manny Machado,Manny Machado_2013 topps chrome psa 10,2019-09-18 22:03:01+00:00,20.0
Manny Machado,Manny Machado_2013 topps chrome psa 10,2020-03-18 23:39:33+00:00,26.0
Manny Machado,Manny Machado_2013 topps chrome psa 10,2020-04-19 21:27:53+00:00,23.5
Manny Machado,Manny Machado_2013 topps chrome psa 10,2020-04-19 21:28:04+00:00,23.5
Manny Machado,Manny Machado_2013 topps chrome psa 10,2020-04-19 21:28:16+00:00,23.05
Manny Machado,Manny Machado_2013 topps chrome psa 10,2020-04-30 21:54:07+00:00,33.0
Manny Machado,Manny Machado_2013 topps chrome psa 10,2020-04-30 21:54:12+00:00,28.88
Manny Machado,Manny Machado_2013 topps chrome psa 10,2020-04-30 21:54:18+00:00,22.5
Manny Machado,Manny Machado_2013 topps chrome psa 10,2020-10-18 21:42:15+00:00,103.63
Manny Machado,Manny Machado_2013 topps chrome psa 10,2020-11-15 21:32:19+00:00,88.0
Manny Machado,Manny Machado_2013 topps chrome psa 10,2021-03-04 18:28:10+00:00,285.0
Manny Machado,Manny Machado_2013 topps chrome psa 10,2021-03-14 20:08:48+00:00,220.0
Manny Machado,Manny Machado_2013 topps chrome psa 10,2021-03-30 21:11:13+00:00,244.51
Manny Machado,Manny Machado_2013 topps chrome psa 10,2021-04-17 21:10:22+00:00,201.01
Manny Machado,Manny Machado_2013 topps chrome psa 10,2021-07-06 23:16:33+00:00,140.0
Manny Machado,Manny Machado_2013 topps chrome psa 10,2021-07-17 14:46:56+00:00,149.0
Manny Machado,Manny Machado_2013 topps chrome psa 10,2021-08-01 22:01:09+00:00,175.0
Manny Machado,Manny Machado_2013 topps chrome psa 10,2021-08-12 01:32:29+00:00,199.0
Manny Machado,Manny Machado_2013 topps chrome psa 10,2021-09-22 05:51:59+00:00,170.0
Manny Machado,Manny Machado_2013 topps chrome psa 10,2021-10-24 23:17:00+00:00,110.0
Manny Machado,Manny Machado_2013 topps chrome psa 10,2022-02-04 04:24:19+00:00,115.0
Manny Machado,Manny Machado_2013 topps chrome psa 10,2022-02-20 23:20:00+00:00,138.0
Manny Machado,Manny Machado_2013 topps chrome psa 10,2022-03-06 23:20:00+00:00,117.6
Manny Machado,Manny Machado_2013 topps chrome psa 10,2022-05-01 02:16:16+00:00,140.0
Manny Machado,Manny Machado_2013 topps chrome psa 10,2022-06-12 23:25:00+00:00,117.6
Manny Machado,Manny Machado_2013 topps chrome psa 10,2022-06-26 23:21:00+00:00,110.4
Manny Machado,Manny Machado_2013 topps chrome psa 10,2023-04-16 23:23:00+00:00,120.0
Manny Machado,Manny Machado_2013 topps chrome psa 10,2023-06-04 16:00:00+00:00,60.93
Manny Machado,Manny Machado_2013 topps chrome psa 10,2023-10-25 20:00:00+00:00,93.94
Manny Machado,Manny Machado_2013 topps chrome psa 10,2024-02-07 19:00:00+00:00,75.64
Manny Machado,Manny Machado_2013 topps chrome psa 10,2024-10-03 09:08:59+00:00,69.0
Manny Machado,Manny Machado_2013 topps chrome psa 10,2025-01-08 10:14:16+00:00,69.0
Manny Machado,Manny Machado_2013 topps chrome psa 10,2025-02-03 22:20:05+00:00,72.0
Manny Machado,Manny Machado_2013 topps chrome psa 10,2025-04-18 08:35:19+00:00,68.0
Manny Machado,Manny Machado_2013 topps chrome psa 10,2025-04-26 21:35:51+00:00,85.0
Manny Machado,Manny Machado_2013 topps chrome psa 10,2025-06-24 12:12:17+00:00,85.0
Manny Machado,Manny Machado_2013 topps chrome psa 10,2026-04-02 21:03:24+00:00,90.0
Manny Machado,Manny Machado_2013 topps chrome psa 10,2026-04-10 22:25:48+00:00,100.0
Manny Machado,Manny Machado_2013 topps chrome psa 10,2026-04-12 09:29:28+00:00,90.95
Matt Olson,Matt Olson_2017 topps chrome psa 10,2023-05-17 20:00:00+00:00,18.0
Matt Olson,Matt Olson_2017 topps chrome psa 10,2023-07-30 23:32:00+00:00,39.6
Matt Olson,Matt Olson_2017 topps chrome psa 10,2023-08-14 11:24:22+00:00,85.0
Matt Olson,Matt Olson_2017 topps chrome psa 10,2023-09-03 14:08:21+00:00,79.0
Matt Olson,Matt Olson_2017 topps chrome psa 10,2024-03-10 23:20:00+00:00,36.0
Matt Olson,Matt Olson_2017 topps chrome psa 10,2024-11-17 15:00:00+00:00,35.63
Matt Olson,Matt Olson_2017 topps chrome psa 10,2025-03-23 23:15:00+00:00,21.6
Matt Olson,Matt Olson_2017 topps chrome psa 10,2026-02-18 10:02:14+00:00,49.99
Matt Olson,Matt Olson_2017 topps chrome psa 10,2026-04-04 15:41:21+00:00,40.0
Matt Olson,Matt Olson_2017 topps chrome psa 10,2026-04-04 19:59:13+00:00,44.95
Matt Olson,Matt Olson_2017 topps chrome psa 10,2026-05-23 00:00:00+00:00,61.97
Matt Olson,Matt Olson_2017 topps chrome psa 10,2026-05-27 00:00:00+00:00,62.95
Matt Olson,Matt Olson_2017 topps chrome psa 10,2026-05-30 00:00:00+00:00,155.99
Matt Olson,Matt Olson_2017 topps chrome psa 10,2026-06-10 00:00:00+00:00,84.99
Matt Olson,Matt Olson_2017 topps chrome psa 10,2026-06-11 00:00:00+00:00,67.25
Matt Olson,Matt Olson_2017 topps chrome psa 10,2026-06-15 00:00:00+00:00,59.99
Matt Olson,Matt Olson_2017 topps chrome psa 10,2026-07-09 00:00:00+00:00,105.62
Matt Olson,Matt Olson_2017 topps chrome psa 10,2026-07-29 00:00:00+00:00,68.25
Matt Olson,Matt Olson_2017 topps chrome psa 10,2026-08-09 00:00:00+00:00,66.0
Nolan Arenado,Nolan Arenado_2013 topps chrome psa 10,2017-10-18 21:22:16+00:00,20.51
Nolan Arenado,Nolan Arenado_2013 topps chrome psa 10,2017-11-19 21:05:31+00:00,18.5
Nolan Arenado,Nolan Arenado_2013 topps chrome psa 10,2018-03-18 23:50:01+00:00,31.71
Nolan Arenado,Nolan Arenado_2013 topps chrome psa 10,2018-04-19 21:16:01+00:00,36.0
Nolan Arenado,Nolan Arenado_2013 topps chrome psa 10,2018-04-19 21:16:16+00:00,35.89
Nolan Arenado,Nolan Arenado_2013 topps chrome psa 10,2018-04-30 22:19:41+00:00,22.5
Nolan Arenado,Nolan Arenado_2013 topps chrome psa 10,2018-04-30 22:19:51+00:00,20.5
Nolan Arenado,Nolan Arenado_2013 topps chrome psa 10,2018-07-17 00:13:16+00:00,79.98
Nolan Arenado,Nolan Arenado_2013 topps chrome psa 10,2018-08-20 22:46:16+00:00,46.0
Nolan Arenado,Nolan Arenado_2013 topps chrome psa 10,2018-11-14 22:21:14+00:00,28.75
Nolan Arenado,Nolan Arenado_2013 topps chrome psa 10,2018-12-09 22:58:46+00:00,40.0
Nolan Arenado,Nolan Arenado_2013 topps chrome psa 10,2018-12-18 21:53:40+00:00,37.66
Nolan Arenado,Nolan Arenado_2013 topps chrome psa 10,2019-01-20 22:38:48+00:00,46.09
Nolan Arenado,Nolan Arenado_2013 topps chrome psa 10,2019-02-19 22:13:53+00:00,57.0
Nolan Arenado,Nolan Arenado_2013 topps chrome psa 10,2019-03-19 21:24:40+00:00,55.0
Nolan Arenado,Nolan Arenado_2013 topps chrome psa 10,2019-03-19 21:24:49+00:00,55.0
Nolan Arenado,Nolan Arenado_2013 topps chrome psa 10,2019-03-31 22:22:59+00:00,52.0
Nolan Arenado,Nolan Arenado_2013 topps chrome psa 10,2019-04-16 21:09:55+00:00,92.69
Nolan Arenado,Nolan Arenado_2013 topps chrome psa 10,2019-05-16 22:29:06+00:00,58.97
Nolan Arenado,Nolan Arenado_2013 topps chrome psa 10,2019-05-16 22:29:18+00:00,46.0
Nolan Arenado,Nolan Arenado_2013 topps chrome psa 10,2019-05-16 22:29:30+00:00,54.13
Nolan Arenado,Nolan Arenado_2013 topps chrome psa 10,2019-05-30 22:11:16+00:00,52.0
Nolan Arenado,Nolan Arenado_2013 topps chrome psa 10,2019-05-30 22:11:24+00:00,53.0
Nolan Arenado,Nolan Arenado_2013 topps chrome psa 10,2019-07-22 23:36:16+00:00,52.0
Nolan Arenado,Nolan Arenado_2013 topps chrome psa 10,2019-07-31 22:36:23+00:00,34.0
Nolan Arenado,Nolan Arenado_2013 topps chrome psa 10,2019-09-18 22:03:20+00:00,37.0
Nolan Arenado,Nolan Arenado_2013 topps chrome psa 10,2019-09-18 22:03:29+00:00,39.0
Nolan Arenado,Nolan Arenado_2013 topps chrome psa 10,2019-09-29 23:01:51+00:00,45.0
Nolan Arenado,Nolan Arenado_2013 topps chrome psa 10,2019-10-17 23:53:12+00:00,41.0
Nolan Arenado,Nolan Arenado_2013 topps chrome psa 10,2019-11-17 21:43:06+00:00,36.19
Nolan Arenado,Nolan Arenado_2013 topps chrome psa 10,2019-11-17 21:43:18+00:00,39.9
Nolan Arenado,Nolan Arenado_2013 topps chrome psa 10,2019-11-27 22:08:28+00:00,34.0
Nolan Arenado,Nolan Arenado_2013 topps chrome psa 10,2019-11-27 22:08:36+00:00,41.0
Nolan Arenado,Nolan Arenado_2013 topps chrome psa 10,2019-12-12 21:37:48+00:00,40.0
Nolan Arenado,Nolan Arenado_2013 topps chrome psa 10,2020-02-27 22:08:39+00:00,61.0
Nolan Arenado,Nolan Arenado_2013 topps chrome psa 10,2020-03-18 23:40:06+00:00,56.0
Nolan Arenado,Nolan Arenado_2013 topps chrome psa 10,2020-03-18 23:40:13+00:00,56.0
Nolan Arenado,Nolan Arenado_2013 topps chrome psa 10,2020-03-18 23:40:26+00:00,56.0
Nolan Arenado,Nolan Arenado_2013 topps chrome psa 10,2020-03-31 22:20:02+00:00,60.0
Nolan Arenado,Nolan Arenado_2013 topps chrome psa 10,2020-03-31 22:20:12+00:00,51.92
Nolan Arenado,Nolan Arenado_2013 topps chrome psa 10,2020-04-19 21:29:01+00:00,65.0
Nolan Arenado,Nolan Arenado_2013 topps chrome psa 10,2020-04-19 21:29:12+00:00,75.0
Nolan Arenado,Nolan Arenado_2013 topps chrome psa 10,2020-04-19 21:29:23+00:00,71.0
Nolan Arenado,Nolan Arenado_2013 topps chrome psa 10,2020-04-30 21:54:23+00:00,61.0
Nolan Arenado,Nolan Arenado_2013 topps chrome psa 10,2020-04-30 21:54:28+00:00,61.0
Nolan Arenado,Nolan Arenado_2013 topps chrome psa 10,2020-04-30 21:54:34+00:00,78.85
Nolan Arenado,Nolan Arenado_2013 topps chrome psa 10,2020-09-17 22:11:41+00:00,176.5
Nolan Arenado,Nolan Arenado_2013 topps chrome psa 10,2020-09-30 21:12:14+00:00,78.0
Nolan Arenado,Nolan Arenado_2013 topps chrome psa 10,2021-01-28 23:31:48+00:00,217.5
Nolan Arenado,Nolan Arenado_2013 topps chrome psa 10,2021-01-28 23:31:53+00:00,190.5
Nolan Arenado,Nolan Arenado_2013 topps chrome psa 10,2021-03-02 09:04:31+00:00,265.0
Nolan Arenado,Nolan Arenado_2013 topps chrome psa 10,2021-04-03 23:45:09+00:00,275.0
Nolan Arenado,Nolan Arenado_2013 topps chrome psa 10,2021-04-17 21:10:54+00:00,280.0
Nolan Arenado,Nolan Arenado_2013 topps chrome psa 10,2021-07-18 21:14:37+00:00,155.09
Nolan Arenado,Nolan Arenado_2013 topps chrome psa 10,2021-12-22 08:48:19+00:00,145.0
Nolan Arenado,Nolan Arenado_2013 topps chrome psa 10,2022-02-13 23:19:00+00:00,156.0
Nolan Arenado,Nolan Arenado_2013 topps chrome psa 10,2022-02-20 23:20:00+00:00,132.0
Nolan Arenado,Nolan Arenado_2013 topps chrome psa 10,2022-02-20 23:20:00+00:00,138.0
Nolan Arenado,Nolan Arenado_2013 topps chrome psa 10,2022-02-20 23:20:00+00:00,126.0
Nolan Arenado,Nolan Arenado_2013 topps chrome psa 10,2022-05-08 23:16:00+00:00,228.0
Nolan Arenado,Nolan Arenado_2013 topps chrome psa 10,2022-09-18 23:21:00+00:00,144.0
Nolan Arenado,Nolan Arenado_2013 topps chrome psa 10,2022-10-09 23:25:00+00:00,108.0
Nolan Arenado,Nolan Arenado_2013 topps chrome psa 10,2022-10-16 23:22:00+00:00,117.6
Nolan Arenado,Nolan Arenado_2013 topps chrome psa 10,2022-10-16 23:22:00+00:00,120.0
Nolan Arenado,Nolan Arenado_2013 topps chrome psa 10,2022-12-18 23:18:00+00:00,150.0
Nolan Arenado,Nolan Arenado_2013 topps chrome psa 10,2023-03-05 23:17:00+00:00,132.0
Nolan Arenado,Nolan Arenado_2013 topps chrome psa 10,2023-03-19 23:31:00+00:00,112.8
Nolan Arenado,Nolan Arenado_2013 topps chrome psa 10,2023-04-16 23:23:00+00:00,112.8
Nolan Arenado,Nolan Arenado_2013 topps chrome psa 10,2023-05-28 23:12:00+00:00,126.0
Nolan Arenado,Nolan Arenado_2013 topps chrome psa 10,2023-06-19 03:49:24+00:00,125.0
Nolan Arenado,Nolan Arenado_2013 topps chrome psa 10,2023-07-02 23:13:00+00:00,105.6
Nolan Arenado,Nolan Arenado_2013 topps chrome psa 10,2023-07-05 20:00:00+00:00,98.4
Nolan Arenado,Nolan Arenado_2013 topps chrome psa 10,2023-08-30 14:04:07+00:00,110.0
Nolan Arenado,Nolan Arenado_2013 topps chrome psa 10,2024-02-04 23:15:00+00:00,216.0
Nolan Arenado,Nolan Arenado_2013 topps chrome psa 10,2024-02-25 23:14:00+00:00,100.8
Nolan Arenado,Nolan Arenado_2013 topps chrome psa 10,2024-04-07 16:00:00+00:00,116.71
Nolan Arenado,Nolan Arenado_2013 topps chrome psa 10,2024-04-18 22:15:08+00:00,103.7
Nolan Arenado,Nolan Arenado_2013 topps chrome psa 10,2024-05-09 22:15:09+00:00,74.42
Nolan Arenado,Nolan Arenado_2013 topps chrome psa 10,2025-01-05 23:11:00+00:00,56.4
Nolan Arenado,Nolan Arenado_2013 topps chrome psa 10,2026-04-13 19:46:43+00:00,50.0
Ozzie Albies,Ozzie Albies_2018 topps chrome psa 10,2019-01-20 23:48:44+00:00,10.82
Ozzie Albies,Ozzie Albies_2018 topps chrome psa 10,2019-02-19 23:37:02+00:00,12.0
Ozzie Albies,Ozzie Albies_2018 topps chrome psa 10,2019-03-19 23:30:49+00:00,9.01
Ozzie Albies,Ozzie Albies_2018 topps chrome psa 10,2019-03-19 23:30:58+00:00,9.0
Ozzie Albies,Ozzie Albies_2018 topps chrome psa 10,2019-03-31 22:45:33+00:00,8.5
Ozzie Albies,Ozzie Albies_2018 topps chrome psa 10,2020-10-29 21:48:22+00:00,39.0
Ozzie Albies,Ozzie Albies_2018 topps chrome psa 10,2021-01-14 23:21:29+00:00,51.0
Ozzie Albies,Ozzie Albies_2018 topps chrome psa 10,2021-01-14 23:21:36+00:00,54.35
Ozzie Albies,Ozzie Albies_2018 topps chrome psa 10,2021-01-28 23:46:20+00:00,48.0
Ozzie Albies,Ozzie Albies_2018 topps chrome psa 10,2021-02-16 22:23:17+00:00,52.0
Ozzie Albies,Ozzie Albies_2018 topps chrome psa 10,2021-04-17 22:35:43+00:00,52.0
Ozzie Albies,Ozzie Albies_2018 topps chrome psa 10,2021-04-29 21:21:39+00:00,46.0
Ozzie Albies,Ozzie Albies_2018 topps chrome psa 10,2021-06-18 21:36:42+00:00,53.0
Ozzie Albies,Ozzie Albies_2018 topps chrome psa 10,2021-06-30 21:27:24+00:00,42.02
Ozzie Albies,Ozzie Albies_2018 topps chrome psa 10,2021-07-18 22:33:06+00:00,65.0
Ozzie Albies,Ozzie Albies_2018 topps chrome psa 10,2022-02-27 22:50:00+00:00,49.2
Ozzie Albies,Ozzie Albies_2018 topps chrome psa 10,2022-05-29 23:18:00+00:00,20.4
Ozzie Albies,Ozzie Albies_2018 topps chrome psa 10,2022-08-28 23:13:00+00:00,19.2
Ozzie Albies,Ozzie Albies_2018 topps chrome psa 10,2023-03-26 23:24:00+00:00,14.4
Ozzie Albies,Ozzie Albies_2018 topps chrome psa 10,2023-05-07 23:16:00+00:00,16.8
Ozzie Albies,Ozzie Albies_2018 topps chrome psa 10,2023-08-20 23:21:00+00:00,19.2
Ozzie Albies,Ozzie Albies_2018 topps chrome psa 10,2023-10-18 20:00:00+00:00,21.96
Ozzie Albies,Ozzie Albies_2018 topps chrome psa 10,2023-11-15 19:00:00+00:00,17.08
Ozzie Albies,Ozzie Albies_2018 topps chrome psa 10,2024-01-21 23:15:00+00:00,30.0
Ozzie Albies,Ozzie Albies_2018 topps chrome psa 10,2024-02-18 23:32:00+00:00,26.4
Ozzie Albies,Ozzie Albies_2018 topps chrome psa 10,2024-02-25 23:14:00+00:00,26.4
Ozzie Albies,Ozzie Albies_2018 topps chrome psa 10,2024-03-17 23:19:00+00:00,21.6
Ozzie Albies,Ozzie Albies_2018 topps chrome psa 10,2024-03-24 23:21:00+00:00,18.0
Ozzie Albies,Ozzie Albies_2018 topps chrome psa 10,2024-03-31 23:23:00+00:00,19.2
Ozzie Albies,Ozzie Albies_2018 topps chrome psa 10,2024-04-07 23:15:00+00:00,21.6
Ozzie Albies,Ozzie Albies_2018 topps chrome psa 10,2024-04-14 23:17:00+00:00,19.2
Ozzie Albies,Ozzie Albies_2018 topps chrome psa 10,2024-04-21 23:18:00+00:00,19.2
Ozzie Albies,Ozzie Albies_2018 topps chrome psa 10,2024-05-11 14:30:00+00:00,36.84
Ozzie Albies,Ozzie Albies_2018 topps chrome psa 10,2025-05-04 23:14:00+00:00,18.0
Ozzie Albies,Ozzie Albies_2018 topps chrome psa 10,2026-04-10 01:22:30+00:00,19.99
Ozzie Albies,Ozzie Albies_2018 topps chrome psa 10,2026-04-11 10:53:57+00:00,14.99
Ozzie Albies,Ozzie Albies_2018 topps chrome psa 10,2026-04-12 20:48:09+00:00,15.0
Ozzie Albies,Ozzie Albies_2018 topps chrome psa 10,2026-05-28 00:00:00+00:00,25.0
Ozzie Albies,Ozzie Albies_2018 topps chrome psa 10,2026-06-03 00:00:00+00:00,31.24
Ozzie Albies,Ozzie Albies_2018 topps chrome psa 10,2026-06-05 00:00:00+00:00,25.0
Ozzie Albies,Ozzie Albies_2018 topps chrome psa 10,2026-06-07 00:00:00+00:00,25.28
Ozzie Albies,Ozzie Albies_2018 topps chrome psa 10,2026-06-12 00:00:00+00:00,18.17
Ozzie Albies,Ozzie Albies_2018 topps chrome psa 10,2026-06-16 00:00:00+00:00,26.0
Ozzie Albies,Ozzie Albies_2018 topps chrome psa 10,2026-06-21 00:00:00+00:00,26.0
Ozzie Albies,Ozzie Albies_2018 topps chrome psa 10,2026-06-22 00:00:00+00:00,30.99
Ozzie Albies,Ozzie Albies_2018 topps chrome psa 10,2026-06-22 00:00:00+00:00,26.0
Ozzie Albies,Ozzie Albies_2018 topps chrome psa 10,2026-06-25 00:00:00+00:00,31.96
Ozzie Albies,Ozzie Albies_2018 topps chrome psa 10,2026-06-28 00:00:00+00:00,27.0
Ozzie Albies,Ozzie Albies_2018 topps chrome psa 10,2026-06-30 00:00:00+00:00,34.99
Ozzie Albies,Ozzie Albies_2018 topps chrome psa 10,2026-07-01 00:00:00+00:00,30.99
Ozzie Albies,Ozzie Albies_2018 topps chrome psa 10,2026-07-02 00:00:00+00:00,34.99
Ozzie Albies,Ozzie Albies_2018 topps chrome psa 10,2026-07-03 00:00:00+00:00,27.0
Ozzie Albies,Ozzie Albies_2018 topps chrome psa 10,2026-07-06 00:00:00+00:00,27.0
Ozzie Albies,Ozzie Albies_2018 topps chrome psa 10,2026-07-12 00:00:00+00:00,20.15
Ozzie Albies,Ozzie Albies_2018 topps chrome psa 10,2026-07-16 00:00:00+00:00,41.3
Ozzie Albies,Ozzie Albies_2018 topps chrome psa 10,2026-07-16 00:00:00+00:00,27.49
Ozzie Albies,Ozzie Albies_2018 topps chrome psa 10,2026-07-17 00:00:00+00:00,30.48
Ozzie Albies,Ozzie Albies_2018 topps chrome psa 10,2026-07-18 00:00:00+00:00,25.0
Ozzie Albies,Ozzie Albies_2018 topps chrome psa 10,2026-07-26 00:00:00+00:00,30.96
Ozzie Albies,Ozzie Albies_2018 topps chrome psa 10,2026-08-01 00:00:00+00:00,30.0
Ozzie Albies,Ozzie Albies_2018 topps chrome psa 10,2026-08-01 00:00:00+00:00,25.97
Ozzie Albies,Ozzie Albies_2018 topps chrome psa 10,2026-08-01 00:00:00+00:00,31.49
Ozzie Albies,Ozzie Albies_2018 topps chrome psa 10,2026-08-04 00:00:00+00:00,25.99
Ozzie Albies,Ozzie Albies_2018 topps chrome psa 10,2026-08-09 00:00:00+00:00,24.99
Pete Alonso,Pete Alonso_2019 topps chrome psa 10,2019-11-17 23:54:21+00:00,42.0
Pete Alonso,Pete Alonso_2019 topps chrome psa 10,2022-01-30 23:24:00+00:00,34.8
Pete Alonso,Pete Alonso_2019 topps chrome psa 10,2022-02-06 23:19:00+00:00,31.2
Pete Alonso,Pete Alonso_2019 topps chrome psa 10,2022-02-27 22:50:00+00:00,24.0
Pete Alonso,Pete Alonso_2019 topps chrome psa 10,2022-03-06 23:20:00+00:00,22.8
Pete Alonso,Pete Alonso_2019 topps chrome psa 10,2022-04-10 23:13:00+00:00,25.2
Pete Alonso,Pete Alonso_2019 topps chrome psa 10,2022-04-17 23:19:00+00:00,26.4
Pete Alonso,Pete Alonso_2019 topps chrome psa 10,2022-05-24 06:40:00+00:00,67.58
Pete Alonso,Pete Alonso_2019 topps chrome psa 10,2022-06-19 23:17:00+00:00,40.8
Pete Alonso,Pete Alonso_2019 topps chrome psa 10,2022-08-14 23:19:00+00:00,37.2
Pete Alonso,Pete Alonso_2019 topps chrome psa 10,2022-08-14 23:19:00+00:00,27.6
Pete Alonso,Pete Alonso_2019 topps chrome psa 10,2022-08-14 23:19:00+00:00,33.6
Pete Alonso,Pete Alonso_2019 topps chrome psa 10,2022-08-14 23:19:00+00:00,30.0
Pete Alonso,Pete Alonso_2019 topps chrome psa 10,2022-08-21 23:20:00+00:00,32.4
Pete Alonso,Pete Alonso_2019 topps chrome psa 10,2022-09-05 16:00:00+00:00,61.43
Pete Alonso,Pete Alonso_2019 topps chrome psa 10,2022-10-02 07:30:00+00:00,49.14
Pete Alonso,Pete Alonso_2019 topps chrome psa 10,2022-10-02 23:17:00+00:00,32.4
Pete Alonso,Pete Alonso_2019 topps chrome psa 10,2022-10-16 16:10:00+00:00,70.2
Pete Alonso,Pete Alonso_2019 topps chrome psa 10,2022-10-23 07:30:00+00:00,18.43
Pete Alonso,Pete Alonso_2019 topps chrome psa 10,2022-10-30 06:20:00+00:00,43.0
Pete Alonso,Pete Alonso_2019 topps chrome psa 10,2022-11-30 22:00:00+00:00,25.0
Pete Alonso,Pete Alonso_2019 topps chrome psa 10,2022-12-25 23:16:00+00:00,26.4
Pete Alonso,Pete Alonso_2019 topps chrome psa 10,2023-04-05 20:00:00+00:00,15.6
Pete Alonso,Pete Alonso_2019 topps chrome psa 10,2023-04-09 10:00:00+00:00,55.28
Pete Alonso,Pete Alonso_2019 topps chrome psa 10,2023-04-16 16:00:00+00:00,77.65
Pete Alonso,Pete Alonso_2019 topps chrome psa 10,2023-04-20 16:00:00+00:00,70.02
Pete Alonso,Pete Alonso_2019 topps chrome psa 10,2023-05-07 23:16:00+00:00,31.2
Pete Alonso,Pete Alonso_2019 topps chrome psa 10,2023-05-28 23:12:00+00:00,34.8
Pete Alonso,Pete Alonso_2019 topps chrome psa 10,2023-05-28 23:12:00+00:00,38.4
Pete Alonso,Pete Alonso_2019 topps chrome psa 10,2023-05-31 20:00:00+00:00,32.4
Pete Alonso,Pete Alonso_2019 topps chrome psa 10,2023-05-31 20:00:00+00:00,43.2
Pete Alonso,Pete Alonso_2019 topps chrome psa 10,2023-05-31 20:00:00+00:00,24.0
Pete Alonso,Pete Alonso_2019 topps chrome psa 10,2023-05-31 20:00:00+00:00,21.6
Pete Alonso,Pete Alonso_2019 topps chrome psa 10,2023-05-31 20:00:00+00:00,30.0
Pete Alonso,Pete Alonso_2019 topps chrome psa 10,2023-07-02 23:13:00+00:00,28.8
Pete Alonso,Pete Alonso_2019 topps chrome psa 10,2023-07-10 23:10:55+00:00,29.0
Pete Alonso,Pete Alonso_2019 topps chrome psa 10,2023-07-12 20:00:00+00:00,34.8
Pete Alonso,Pete Alonso_2019 topps chrome psa 10,2023-07-19 20:00:00+00:00,27.6
Pete Alonso,Pete Alonso_2019 topps chrome psa 10,2023-07-19 20:00:00+00:00,22.8
Pete Alonso,Pete Alonso_2019 topps chrome psa 10,2023-10-11 20:00:00+00:00,24.4
Pete Alonso,Pete Alonso_2019 topps chrome psa 10,2023-12-13 15:00:00+00:00,58.5
Pete Alonso,Pete Alonso_2019 topps chrome psa 10,2024-01-03 15:00:00+00:00,35.02
Pete Alonso,Pete Alonso_2019 topps chrome psa 10,2024-03-10 23:20:00+00:00,31.2
Pete Alonso,Pete Alonso_2019 topps chrome psa 10,2024-03-31 23:23:00+00:00,24.0
Pete Alonso,Pete Alonso_2019 topps chrome psa 10,2024-04-11 08:50:00+00:00,29.25
Pete Alonso,Pete Alonso_2019 topps chrome psa 10,2024-05-05 23:18:00+00:00,20.4
Pete Alonso,Pete Alonso_2019 topps chrome psa 10,2024-05-09 13:40:00+00:00,39.93
Pete Alonso,Pete Alonso_2019 topps chrome psa 10,2024-05-21 09:50:00+00:00,60.84
Pete Alonso,Pete Alonso_2019 topps chrome psa 10,2024-05-23 14:00:00+00:00,43.0
Pete Alonso,Pete Alonso_2019 topps chrome psa 10,2024-05-26 23:20:00+00:00,14.4
Pete Alonso,Pete Alonso_2019 topps chrome psa 10,2024-06-09 23:23:00+00:00,26.4
Pete Alonso,Pete Alonso_2019 topps chrome psa 10,2024-06-17 13:50:00+00:00,30.71
Pete Alonso,Pete Alonso_2019 topps chrome psa 10,2024-06-24 16:10:00+00:00,41.54
Pete Alonso,Pete Alonso_2019 topps chrome psa 10,2024-12-01 23:16:00+00:00,18.0
Pete Alonso,Pete Alonso_2019 topps chrome psa 10,2025-03-04 12:56:48+00:00,25.0
Pete Alonso,Pete Alonso_2019 topps chrome psa 10,2025-03-06 12:00:00+00:00,34.46
Pete Alonso,Pete Alonso_2019 topps chrome psa 10,2025-03-25 09:08:34+00:00,99.0
Pete Alonso,Pete Alonso_2019 topps chrome psa 10,2025-03-25 09:08:34+00:00,69.0
Pete Alonso,Pete Alonso_2019 topps chrome psa 10,2025-03-30 12:00:00+00:00,27.65
Pete Alonso,Pete Alonso_2019 topps chrome psa 10,2025-06-08 23:19:00+00:00,49.2
Pete Alonso,Pete Alonso_2019 topps chrome psa 10,2025-06-17 16:00:00+00:00,50.37
Pete Alonso,Pete Alonso_2019 topps chrome psa 10,2025-06-28 23:40:47+00:00,60.0
Pete Alonso,Pete Alonso_2019 topps chrome psa 10,2025-07-19 19:57:30+00:00,36.86
Pete Alonso,Pete Alonso_2019 topps chrome psa 10,2025-07-27 16:00:00+00:00,46.68
Pete Alonso,Pete Alonso_2019 topps chrome psa 10,2025-09-07 23:30:00+00:00,19.2
Pete Alonso,Pete Alonso_2019 topps chrome psa 10,2025-09-21 23:12:00+00:00,22.8
Pete Alonso,Pete Alonso_2019 topps chrome psa 10,2025-10-22 16:00:00+00:00,58.5
Pete Alonso,Pete Alonso_2019 topps chrome psa 10,2025-11-21 11:30:00+00:00,40.35
Pete Alonso,Pete Alonso_2019 topps chrome psa 10,2025-11-30 09:17:21+00:00,39.31
Pete Alonso,Pete Alonso_2019 topps chrome psa 10,2025-12-07 15:27:08+00:00,43.0
Pete Alonso,Pete Alonso_2019 topps chrome psa 10,2026-02-06 15:00:00+00:00,44.19
Pete Alonso,Pete Alonso_2019 topps chrome psa 10,2026-02-18 13:52:16+00:00,23.5
Pete Alonso,Pete Alonso_2019 topps chrome psa 10,2026-02-19 21:39:49+00:00,27.0
Pete Alonso,Pete Alonso_2019 topps chrome psa 10,2026-02-20 16:20:19+00:00,27.0
Pete Alonso,Pete Alonso_2019 topps chrome psa 10,2026-04-09 09:00:49+00:00,25.0
Pete Alonso,Pete Alonso_2019 topps chrome psa 10,2026-04-10 00:31:00+00:00,16.02
Pete Alonso,Pete Alonso_2019 topps chrome psa 10,2026-04-11 20:05:00+00:00,29.0
Pete Alonso,Pete Alonso_2019 topps chrome psa 10,2026-04-13 17:29:33+00:00,12.5
Pete Alonso,Pete Alonso_2019 topps chrome psa 10,2026-04-13 23:43:46+00:00,25.0
Pete Alonso,Pete Alonso_2019 topps chrome psa 10,2026-04-14 17:44:44+00:00,29.99
Pete Alonso,Pete Alonso_2019 topps chrome psa 10,2026-04-23 08:43:36+00:00,44.8
Pete Alonso,Pete Alonso_2019 topps chrome psa 10,2026-06-03 08:30:00+00:00,28.26
Pete Alonso,Pete Alonso_2019 topps chrome psa 10,2026-06-10 18:25:17+00:00,46.68
Pete Alonso,Pete Alonso_2019 topps chrome psa 10,2026-06-10 18:25:44+00:00,28.26
Pete Alonso,Pete Alonso_2019 topps chrome psa 10,2026-05-15 00:00:00+00:00,28.99
Pete Alonso,Pete Alonso_2019 topps chrome psa 10,2026-05-15 00:00:00+00:00,21.09
Pete Alonso,Pete Alonso_2019 topps chrome psa 10,2026-05-17 00:00:00+00:00,19.95
Pete Alonso,Pete Alonso_2019 topps chrome psa 10,2026-05-21 00:00:00+00:00,33.0
Pete Alonso,Pete Alonso_2019 topps chrome psa 10,2026-05-24 00:00:00+00:00,21.25
Pete Alonso,Pete Alonso_2019 topps chrome psa 10,2026-05-27 00:00:00+00:00,31.99
Pete Alonso,Pete Alonso_2019 topps chrome psa 10,2026-05-30 00:00:00+00:00,27.49
Pete Alonso,Pete Alonso_2019 topps chrome psa 10,2026-05-30 00:00:00+00:00,25.1
Pete Alonso,Pete Alonso_2019 topps chrome psa 10,2026-05-31 00:00:00+00:00,18.47
Pete Alonso,Pete Alonso_2019 topps chrome psa 10,2026-06-06 00:00:00+00:00,22.45
Pete Alonso,Pete Alonso_2019 topps chrome psa 10,2026-06-08 00:00:00+00:00,29.6
Pete Alonso,Pete Alonso_2019 topps chrome psa 10,2026-06-20 00:00:00+00:00,27.25
Pete Alonso,Pete Alonso_2019 topps chrome psa 10,2026-06-20 00:00:00+00:00,21.75
Pete Alonso,Pete Alonso_2019 topps chrome psa 10,2026-06-20 00:00:00+00:00,24.99
Pete Alonso,Pete Alonso_2019 topps chrome psa 10,2026-06-21 00:00:00+00:00,22.01
Pete Alonso,Pete Alonso_2019 topps chrome psa 10,2026-06-21 00:00:00+00:00,30.49
Pete Alonso,Pete Alonso_2019 topps chrome psa 10,2026-06-21 00:00:00+00:00,24.99
Pete Alonso,Pete Alonso_2019 topps chrome psa 10,2026-06-24 00:00:00+00:00,25.5
Pete Alonso,Pete Alonso_2019 topps chrome psa 10,2026-06-27 00:00:00+00:00,24.84
Pete Alonso,Pete Alonso_2019 topps chrome psa 10,2026-06-27 00:00:00+00:00,15.47
Pete Alonso,Pete Alonso_2019 topps chrome psa 10,2026-07-02 00:00:00+00:00,46.25
Pete Alonso,Pete Alonso_2019 topps chrome psa 10,2026-07-06 00:00:00+00:00,25.97
Pete Alonso,Pete Alonso_2019 topps chrome psa 10,2026-07-08 00:00:00+00:00,36.98
Pete Alonso,Pete Alonso_2019 topps chrome psa 10,2026-07-08 00:00:00+00:00,14.51
Pete Alonso,Pete Alonso_2019 topps chrome psa 10,2026-07-09 00:00:00+00:00,29.44
Pete Alonso,Pete Alonso_2019 topps chrome psa 10,2026-07-10 00:00:00+00:00,25.44
Pete Alonso,Pete Alonso_2019 topps chrome psa 10,2026-07-11 00:00:00+00:00,44.45
Pete Alonso,Pete Alonso_2019 topps chrome psa 10,2026-07-12 00:00:00+00:00,21.29
Pete Alonso,Pete Alonso_2019 topps chrome psa 10,2026-07-12 00:00:00+00:00,18.98
Pete Alonso,Pete Alonso_2019 topps chrome psa 10,2026-07-13 00:00:00+00:00,24.5
Pete Alonso,Pete Alonso_2019 topps chrome psa 10,2026-07-13 00:00:00+00:00,27.75
Pete Alonso,Pete Alonso_2019 topps chrome psa 10,2026-07-16 00:00:00+00:00,24.96
Pete Alonso,Pete Alonso_2019 topps chrome psa 10,2026-07-28 00:00:00+00:00,21.5
Pete Alonso,Pete Alonso_2019 topps chrome psa 10,2026-07-30 00:00:00+00:00,24.99
Pete Alonso,Pete Alonso_2019 topps chrome psa 10,2026-07-31 00:00:00+00:00,20.97
Pete Alonso,Pete Alonso_2019 topps chrome psa 10,2026-08-01 00:00:00+00:00,35.99
Pete Alonso,Pete Alonso_2019 topps chrome psa 10,2026-08-02 00:00:00+00:00,24.73
Pete Alonso,Pete Alonso_2019 topps chrome psa 10,2026-08-03 00:00:00+00:00,28.5
Pete Alonso,Pete Alonso_2019 topps chrome psa 10,2026-08-03 00:00:00+00:00,25.49
Pete Alonso,Pete Alonso_2019 topps chrome psa 10,2026-08-06 00:00:00+00:00,30.99
Pete Alonso,Pete Alonso_2019 topps chrome psa 10,2026-08-10 00:00:00+00:00,40.0
Pete Alonso,Pete Alonso_2019 topps chrome psa 10,2026-08-11 00:00:00+00:00,30.97
Rafael Devers,Rafael Devers_2018 topps chrome psa 10,2019-01-20 23:47:15+00:00,8.39
Rafael Devers,Rafael Devers_2018 topps chrome psa 10,2019-02-19 23:36:23+00:00,16.5
Rafael Devers,Rafael Devers_2018 topps chrome psa 10,2019-03-19 23:29:10+00:00,8.0
Rafael Devers,Rafael Devers_2018 topps chrome psa 10,2019-03-19 23:29:28+00:00,10.5
Rafael Devers,Rafael Devers_2018 topps chrome psa 10,2019-03-31 22:45:01+00:00,14.5
Rafael Devers,Rafael Devers_2018 topps chrome psa 10,2019-03-31 22:45:09+00:00,14.5
Rafael Devers,Rafael Devers_2018 topps chrome psa 10,2019-03-31 22:45:17+00:00,14.5
Rafael Devers,Rafael Devers_2018 topps chrome psa 10,2019-05-19 22:32:13+00:00,7.0
Rafael Devers,Rafael Devers_2018 topps chrome psa 10,2019-11-17 23:19:22+00:00,16.05
Rafael Devers,Rafael Devers_2018 topps chrome psa 10,2020-04-20 21:37:34+00:00,64.0
Rafael Devers,Rafael Devers_2018 topps chrome psa 10,2020-05-19 22:21:55+00:00,51.01
Rafael Devers,Rafael Devers_2018 topps chrome psa 10,2020-08-20 22:13:37+00:00,72.0
Rafael Devers,Rafael Devers_2018 topps chrome psa 10,2020-08-20 22:13:47+00:00,72.0
Rafael Devers,Rafael Devers_2018 topps chrome psa 10,2020-08-20 22:13:57+00:00,55.18
Rafael Devers,Rafael Devers_2018 topps chrome psa 10,2020-08-20 22:14:06+00:00,53.0
Rafael Devers,Rafael Devers_2018 topps chrome psa 10,2020-08-20 22:14:16+00:00,55.18
Rafael Devers,Rafael Devers_2018 topps chrome psa 10,2020-08-30 23:47:41+00:00,57.0
Rafael Devers,Rafael Devers_2018 topps chrome psa 10,2020-08-30 23:47:47+00:00,57.0
Rafael Devers,Rafael Devers_2018 topps chrome psa 10,2020-08-30 23:47:53+00:00,57.0
Rafael Devers,Rafael Devers_2018 topps chrome psa 10,2020-08-30 23:47:58+00:00,57.0
Rafael Devers,Rafael Devers_2018 topps chrome psa 10,2020-09-17 23:15:34+00:00,57.0
Rafael Devers,Rafael Devers_2018 topps chrome psa 10,2020-09-17 23:15:38+00:00,67.0
Rafael Devers,Rafael Devers_2018 topps chrome psa 10,2020-09-30 21:34:38+00:00,41.0
Rafael Devers,Rafael Devers_2018 topps chrome psa 10,2020-10-29 21:47:56+00:00,33.58
Rafael Devers,Rafael Devers_2018 topps chrome psa 10,2020-10-29 21:47:59+00:00,33.0
Rafael Devers,Rafael Devers_2018 topps chrome psa 10,2020-10-29 21:48:03+00:00,32.0
Rafael Devers,Rafael Devers_2018 topps chrome psa 10,2020-10-29 21:48:06+00:00,33.58
Rafael Devers,Rafael Devers_2018 topps chrome psa 10,2020-10-29 21:48:09+00:00,29.0
Rafael Devers,Rafael Devers_2018 topps chrome psa 10,2020-11-15 22:30:47+00:00,41.0
Rafael Devers,Rafael Devers_2018 topps chrome psa 10,2020-12-15 23:02:41+00:00,43.0
Rafael Devers,Rafael Devers_2018 topps chrome psa 10,2021-01-14 23:21:01+00:00,55.0
Rafael Devers,Rafael Devers_2018 topps chrome psa 10,2021-02-16 22:22:11+00:00,73.0
Rafael Devers,Rafael Devers_2018 topps chrome psa 10,2021-02-16 22:22:17+00:00,69.0
Rafael Devers,Rafael Devers_2018 topps chrome psa 10,2021-02-25 23:33:39+00:00,83.0
Rafael Devers,Rafael Devers_2018 topps chrome psa 10,2021-04-29 21:21:09+00:00,71.0
Rafael Devers,Rafael Devers_2018 topps chrome psa 10,2021-05-19 23:12:16+00:00,74.0
Rafael Devers,Rafael Devers_2018 topps chrome psa 10,2021-05-22 10:46:20+00:00,85.0
Rafael Devers,Rafael Devers_2018 topps chrome psa 10,2021-05-31 21:37:09+00:00,78.0
Rafael Devers,Rafael Devers_2018 topps chrome psa 10,2021-05-31 21:37:10+00:00,79.0
Rafael Devers,Rafael Devers_2018 topps chrome psa 10,2021-06-05 23:02:05+00:00,79.0
Rafael Devers,Rafael Devers_2018 topps chrome psa 10,2021-07-04 12:31:12+00:00,82.0
Rafael Devers,Rafael Devers_2018 topps chrome psa 10,2021-07-18 22:32:23+00:00,75.75
Rafael Devers,Rafael Devers_2018 topps chrome psa 10,2021-07-24 08:16:57+00:00,95.0
Rafael Devers,Rafael Devers_2018 topps chrome psa 10,2021-07-25 19:16:36+00:00,104.0
Rafael Devers,Rafael Devers_2018 topps chrome psa 10,2021-07-31 22:28:05+00:00,103.5
Rafael Devers,Rafael Devers_2018 topps chrome psa 10,2021-07-31 22:28:09+00:00,102.5
Rafael Devers,Rafael Devers_2018 topps chrome psa 10,2021-07-31 22:28:13+00:00,103.5
Rafael Devers,Rafael Devers_2018 topps chrome psa 10,2021-07-31 22:28:17+00:00,102.5
Rafael Devers,Rafael Devers_2018 topps chrome psa 10,2021-07-31 22:28:21+00:00,92.0
Rafael Devers,Rafael Devers_2018 topps chrome psa 10,2021-07-31 22:28:25+00:00,101.5
Rafael Devers,Rafael Devers_2018 topps chrome psa 10,2021-07-31 22:28:29+00:00,91.69
Rafael Devers,Rafael Devers_2018 topps chrome psa 10,2021-07-31 22:28:33+00:00,92.0
Rafael Devers,Rafael Devers_2018 topps chrome psa 10,2021-07-31 22:28:37+00:00,105.99
Rafael Devers,Rafael Devers_2018 topps chrome psa 10,2021-07-31 22:28:41+00:00,91.0
Rafael Devers,Rafael Devers_2018 topps chrome psa 10,2021-07-31 22:28:44+00:00,100.0
Rafael Devers,Rafael Devers_2018 topps chrome psa 10,2021-07-31 22:28:48+00:00,102.5
Rafael Devers,Rafael Devers_2018 topps chrome psa 10,2021-10-24 23:17:00+00:00,88.0
Rafael Devers,Rafael Devers_2018 topps chrome psa 10,2021-10-29 23:15:00+00:00,72.0
Rafael Devers,Rafael Devers_2018 topps chrome psa 10,2021-11-19 23:21:00+00:00,62.0
Rafael Devers,Rafael Devers_2018 topps chrome psa 10,2022-02-20 23:20:00+00:00,55.2
Rafael Devers,Rafael Devers_2018 topps chrome psa 10,2022-04-10 23:13:00+00:00,62.4
Rafael Devers,Rafael Devers_2018 topps chrome psa 10,2022-04-17 23:19:00+00:00,58.8
Rafael Devers,Rafael Devers_2018 topps chrome psa 10,2022-05-15 23:15:00+00:00,56.4
Rafael Devers,Rafael Devers_2018 topps chrome psa 10,2022-05-22 23:17:00+00:00,38.4
Rafael Devers,Rafael Devers_2018 topps chrome psa 10,2022-06-20 10:33:33+00:00,65.0
Rafael Devers,Rafael Devers_2018 topps chrome psa 10,2022-07-10 23:21:00+00:00,51.6
Rafael Devers,Rafael Devers_2018 topps chrome psa 10,2022-10-20 06:10:00+00:00,38.08
Rafael Devers,Rafael Devers_2018 topps chrome psa 10,2022-11-13 23:27:00+00:00,25.2
Rafael Devers,Rafael Devers_2018 topps chrome psa 10,2023-03-29 20:00:00+00:00,25.2
Rafael Devers,Rafael Devers_2018 topps chrome psa 10,2023-03-29 20:00:00+00:00,34.8
Rafael Devers,Rafael Devers_2018 topps chrome psa 10,2023-04-09 09:50:07+00:00,40.0
Rafael Devers,Rafael Devers_2018 topps chrome psa 10,2023-04-19 20:00:00+00:00,30.0
Rafael Devers,Rafael Devers_2018 topps chrome psa 10,2023-05-03 20:00:00+00:00,51.6
Rafael Devers,Rafael Devers_2018 topps chrome psa 10,2023-05-24 20:00:00+00:00,20.4
Rafael Devers,Rafael Devers_2018 topps chrome psa 10,2023-07-05 20:00:00+00:00,31.2
Rafael Devers,Rafael Devers_2018 topps chrome psa 10,2023-07-12 20:00:00+00:00,32.4
Rafael Devers,Rafael Devers_2018 topps chrome psa 10,2023-08-20 23:21:00+00:00,32.4
Rafael Devers,Rafael Devers_2018 topps chrome psa 10,2023-10-01 23:13:00+00:00,22.8
Rafael Devers,Rafael Devers_2018 topps chrome psa 10,2024-03-10 23:20:00+00:00,34.8
Rafael Devers,Rafael Devers_2018 topps chrome psa 10,2024-06-02 23:17:00+00:00,19.2
Rafael Devers,Rafael Devers_2018 topps chrome psa 10,2025-02-24 02:27:43+00:00,30.0
Rafael Devers,Rafael Devers_2018 topps chrome psa 10,2025-02-27 09:37:50+00:00,29.0
Rafael Devers,Rafael Devers_2018 topps chrome psa 10,2025-04-30 18:02:05+00:00,29.0
Rafael Devers,Rafael Devers_2018 topps chrome psa 10,2025-06-08 23:19:00+00:00,18.0
Rafael Devers,Rafael Devers_2018 topps chrome psa 10,2025-06-21 21:43:43+00:00,29.0
Rafael Devers,Rafael Devers_2018 topps chrome psa 10,2025-07-14 12:26:43+00:00,27.03
Rafael Devers,Rafael Devers_2018 topps chrome psa 10,2025-07-27 23:19:00+00:00,20.4
Rafael Devers,Rafael Devers_2018 topps chrome psa 10,2025-08-30 17:09:11+00:00,30.71
Rafael Devers,Rafael Devers_2018 topps chrome psa 10,2025-09-08 14:21:41+00:00,29.0
Rafael Devers,Rafael Devers_2018 topps chrome psa 10,2025-09-21 18:54:34+00:00,14.74
Rafael Devers,Rafael Devers_2018 topps chrome psa 10,2025-09-24 13:39:02+00:00,28.26
Rafael Devers,Rafael Devers_2018 topps chrome psa 10,2026-04-03 14:33:19+00:00,22.5
Rafael Devers,Rafael Devers_2018 topps chrome psa 10,2026-04-05 23:12:00+00:00,14.25
Rafael Devers,Rafael Devers_2018 topps chrome psa 10,2026-04-05 23:13:00+00:00,12.59
Rafael Devers,Rafael Devers_2018 topps chrome psa 10,2026-04-12 22:05:16+00:00,12.5
Rafael Devers,Rafael Devers_2018 topps chrome psa 10,2026-04-15 15:16:44+00:00,10.0
Rafael Devers,Rafael Devers_2018 topps chrome psa 10,2026-05-24 00:00:00+00:00,12.9
Rafael Devers,Rafael Devers_2018 topps chrome psa 10,2026-06-05 00:00:00+00:00,26.07
Rafael Devers,Rafael Devers_2018 topps chrome psa 10,2026-06-09 00:00:00+00:00,19.49
Rafael Devers,Rafael Devers_2018 topps chrome psa 10,2026-06-09 00:00:00+00:00,16.12
Rafael Devers,Rafael Devers_2018 topps chrome psa 10,2026-06-16 00:00:00+00:00,18.49
Rafael Devers,Rafael Devers_2018 topps chrome psa 10,2026-06-21 00:00:00+00:00,18.53
Rafael Devers,Rafael Devers_2018 topps chrome psa 10,2026-06-27 00:00:00+00:00,19.47
Rafael Devers,Rafael Devers_2018 topps chrome psa 10,2026-07-10 00:00:00+00:00,11.5
Rafael Devers,Rafael Devers_2018 topps chrome psa 10,2026-07-16 00:00:00+00:00,11.49
Rafael Devers,Rafael Devers_2018 topps chrome psa 10,2026-07-25 00:00:00+00:00,33.97
Rafael Devers,Rafael Devers_2018 topps chrome psa 10,2026-07-26 00:00:00+00:00,33.09
Rafael Devers,Rafael Devers_2018 topps chrome psa 10,2026-08-11 00:00:00+00:00,15.73
Randy Arozarena,Randy Arozarena_2020 topps chrome psa 10,2021-05-19 23:53:42+00:00,82.0
Randy Arozarena,Randy Arozarena_2020 topps chrome psa 10,2021-05-19 23:53:45+00:00,76.0
Randy Arozarena,Randy Arozarena_2020 topps chrome psa 10,2021-05-31 21:53:17+00:00,51.0
Randy Arozarena,Randy Arozarena_2020 topps chrome psa 10,2021-05-31 21:53:18+00:00,51.0
Randy Arozarena,Randy Arozarena_2020 topps chrome psa 10,2021-10-07 18:02:50+00:00,38.0
Randy Arozarena,Randy Arozarena_2020 topps chrome psa 10,2021-10-24 23:17:00+00:00,22.0
Randy Arozarena,Randy Arozarena_2020 topps chrome psa 10,2021-11-19 23:21:00+00:00,28.0
Randy Arozarena,Randy Arozarena_2020 topps chrome psa 10,2021-11-19 23:21:00+00:00,29.0
Randy Arozarena,Randy Arozarena_2020 topps chrome psa 10,2022-03-20 23:27:00+00:00,19.2
Randy Arozarena,Randy Arozarena_2020 topps chrome psa 10,2022-03-20 23:27:00+00:00,16.8
Randy Arozarena,Randy Arozarena_2020 topps chrome psa 10,2022-03-20 23:27:00+00:00,18.0
Randy Arozarena,Randy Arozarena_2020 topps chrome psa 10,2022-04-17 23:19:00+00:00,19.2
Randy Arozarena,Randy Arozarena_2020 topps chrome psa 10,2022-05-29 23:18:00+00:00,13.2
Randy Arozarena,Randy Arozarena_2020 topps chrome psa 10,2022-06-12 23:25:00+00:00,13.2
Randy Arozarena,Randy Arozarena_2020 topps chrome psa 10,2022-06-19 23:17:00+00:00,15.6
Randy Arozarena,Randy Arozarena_2020 topps chrome psa 10,2022-06-19 23:17:00+00:00,13.2
Randy Arozarena,Randy Arozarena_2020 topps chrome psa 10,2022-07-24 23:19:00+00:00,13.2
Randy Arozarena,Randy Arozarena_2020 topps chrome psa 10,2022-08-14 23:19:00+00:00,13.2
Randy Arozarena,Randy Arozarena_2020 topps chrome psa 10,2022-09-11 23:17:00+00:00,16.8
Randy Arozarena,Randy Arozarena_2020 topps chrome psa 10,2022-09-20 14:53:43+00:00,23.0
Randy Arozarena,Randy Arozarena_2020 topps chrome psa 10,2022-10-23 23:24:00+00:00,10.8
Randy Arozarena,Randy Arozarena_2020 topps chrome psa 10,2022-10-31 16:00:00+00:00,15.78
Randy Arozarena,Randy Arozarena_2020 topps chrome psa 10,2022-11-03 16:00:00+00:00,16.59
Randy Arozarena,Randy Arozarena_2020 topps chrome psa 10,2022-11-27 23:25:00+00:00,13.2
Randy Arozarena,Randy Arozarena_2020 topps chrome psa 10,2022-12-04 23:26:00+00:00,13.2
Randy Arozarena,Randy Arozarena_2020 topps chrome psa 10,2023-01-29 23:21:00+00:00,12.0
Randy Arozarena,Randy Arozarena_2020 topps chrome psa 10,2023-03-05 23:17:00+00:00,13.2
Randy Arozarena,Randy Arozarena_2020 topps chrome psa 10,2023-03-12 23:18:00+00:00,10.8
Randy Arozarena,Randy Arozarena_2020 topps chrome psa 10,2023-04-09 15:20:00+00:00,18.28
Randy Arozarena,Randy Arozarena_2020 topps chrome psa 10,2023-05-14 23:17:00+00:00,14.4
Randy Arozarena,Randy Arozarena_2020 topps chrome psa 10,2023-05-21 23:18:00+00:00,10.8
Randy Arozarena,Randy Arozarena_2020 topps chrome psa 10,2023-05-31 20:00:00+00:00,15.6
Randy Arozarena,Randy Arozarena_2020 topps chrome psa 10,2023-06-07 20:00:00+00:00,22.8
Randy Arozarena,Randy Arozarena_2020 topps chrome psa 10,2023-06-18 23:21:00+00:00,10.8
Randy Arozarena,Randy Arozarena_2020 topps chrome psa 10,2023-06-21 20:00:00+00:00,21.6
Randy Arozarena,Randy Arozarena_2020 topps chrome psa 10,2023-06-21 20:00:00+00:00,13.2
Randy Arozarena,Randy Arozarena_2020 topps chrome psa 10,2023-07-19 20:00:00+00:00,10.8
Randy Arozarena,Randy Arozarena_2020 topps chrome psa 10,2023-07-23 23:16:00+00:00,18.0
Randy Arozarena,Randy Arozarena_2020 topps chrome psa 10,2023-07-30 23:32:00+00:00,13.2
Randy Arozarena,Randy Arozarena_2020 topps chrome psa 10,2023-08-09 20:00:00+00:00,13.2
Randy Arozarena,Randy Arozarena_2020 topps chrome psa 10,2024-01-14 14:57:19+00:00,6.0
Randy Arozarena,Randy Arozarena_2020 topps chrome psa 10,2024-03-31 23:23:00+00:00,10.8
Randy Arozarena,Randy Arozarena_2020 topps chrome psa 10,2024-05-12 23:22:00+00:00,9.6
Randy Arozarena,Randy Arozarena_2020 topps chrome psa 10,2025-09-10 11:23:27+00:00,12.0
Randy Arozarena,Randy Arozarena_2020 topps chrome psa 10,2026-04-07 20:50:28+00:00,15.0
Randy Arozarena,Randy Arozarena_2020 topps chrome psa 10,2026-04-11 17:18:01+00:00,15.0
Randy Arozarena,Randy Arozarena_2020 topps chrome psa 10,2026-05-23 00:00:00+00:00,15.27
Randy Arozarena,Randy Arozarena_2020 topps chrome psa 10,2026-05-23 00:00:00+00:00,10.0
Randy Arozarena,Randy Arozarena_2020 topps chrome psa 10,2026-05-23 00:00:00+00:00,12.18
Randy Arozarena,Randy Arozarena_2020 topps chrome psa 10,2026-05-28 00:00:00+00:00,22.98
Randy Arozarena,Randy Arozarena_2020 topps chrome psa 10,2026-05-31 00:00:00+00:00,16.74
Randy Arozarena,Randy Arozarena_2020 topps chrome psa 10,2026-05-31 00:00:00+00:00,15.27
Randy Arozarena,Randy Arozarena_2020 topps chrome psa 10,2026-06-02 00:00:00+00:00,12.98
Randy Arozarena,Randy Arozarena_2020 topps chrome psa 10,2026-06-06 00:00:00+00:00,13.27
Randy Arozarena,Randy Arozarena_2020 topps chrome psa 10,2026-06-06 00:00:00+00:00,16.14
Randy Arozarena,Randy Arozarena_2020 topps chrome psa 10,2026-06-10 00:00:00+00:00,20.35
Randy Arozarena,Randy Arozarena_2020 topps chrome psa 10,2026-06-14 00:00:00+00:00,9.75
Randy Arozarena,Randy Arozarena_2020 topps chrome psa 10,2026-06-18 00:00:00+00:00,18.9
Randy Arozarena,Randy Arozarena_2020 topps chrome psa 10,2026-06-20 00:00:00+00:00,9.5
Randy Arozarena,Randy Arozarena_2020 topps chrome psa 10,2026-06-21 00:00:00+00:00,15.43
Randy Arozarena,Randy Arozarena_2020 topps chrome psa 10,2026-06-24 00:00:00+00:00,15.4
Randy Arozarena,Randy Arozarena_2020 topps chrome psa 10,2026-06-25 00:00:00+00:00,18.49
Randy Arozarena,Randy Arozarena_2020 topps chrome psa 10,2026-07-02 00:00:00+00:00,12.16
Randy Arozarena,Randy Arozarena_2020 topps chrome psa 10,2026-07-03 00:00:00+00:00,12.95
Randy Arozarena,Randy Arozarena_2020 topps chrome psa 10,2026-07-04 00:00:00+00:00,15.99
Randy Arozarena,Randy Arozarena_2020 topps chrome psa 10,2026-07-06 00:00:00+00:00,8.5
Randy Arozarena,Randy Arozarena_2020 topps chrome psa 10,2026-07-08 00:00:00+00:00,12.72
Randy Arozarena,Randy Arozarena_2020 topps chrome psa 10,2026-07-09 00:00:00+00:00,7.49
Randy Arozarena,Randy Arozarena_2020 topps chrome psa 10,2026-07-10 00:00:00+00:00,6.99
Randy Arozarena,Randy Arozarena_2020 topps chrome psa 10,2026-07-16 00:00:00+00:00,8.5
Randy Arozarena,Randy Arozarena_2020 topps chrome psa 10,2026-07-17 00:00:00+00:00,6.99
Randy Arozarena,Randy Arozarena_2020 topps chrome psa 10,2026-07-17 00:00:00+00:00,8.5
Randy Arozarena,Randy Arozarena_2020 topps chrome psa 10,2026-07-24 00:00:00+00:00,9.95
Randy Arozarena,Randy Arozarena_2020 topps chrome psa 10,2026-07-25 00:00:00+00:00,12.0
Randy Arozarena,Randy Arozarena_2020 topps chrome psa 10,2026-07-25 00:00:00+00:00,9.5
Randy Arozarena,Randy Arozarena_2020 topps chrome psa 10,2026-07-26 00:00:00+00:00,6.99
Randy Arozarena,Randy Arozarena_2020 topps chrome psa 10,2026-07-29 00:00:00+00:00,9.9
Randy Arozarena,Randy Arozarena_2020 topps chrome psa 10,2026-08-01 00:00:00+00:00,8.27
Randy Arozarena,Randy Arozarena_2020 topps chrome psa 10,2026-08-02 00:00:00+00:00,8.5
Randy Arozarena,Randy Arozarena_2020 topps chrome psa 10,2026-08-03 00:00:00+00:00,10.6
Randy Arozarena,Randy Arozarena_2020 topps chrome psa 10,2026-08-03 00:00:00+00:00,22.1
Randy Arozarena,Randy Arozarena_2020 topps chrome psa 10,2026-08-06 00:00:00+00:00,12.17
Randy Arozarena,Randy Arozarena_2020 topps chrome psa 10,2026-08-07 00:00:00+00:00,18.7
Randy Arozarena,Randy Arozarena_2020 topps chrome psa 10,2026-08-09 00:00:00+00:00,14.75
Randy Arozarena,Randy Arozarena_2020 topps chrome psa 10,2026-08-12 00:00:00+00:00,13.45
Rhys Hoskins,Rhys Hoskins_2018 topps chrome psa 10,2019-01-20 23:48:11+00:00,21.71
Rhys Hoskins,Rhys Hoskins_2018 topps chrome psa 10,2019-02-19 23:36:52+00:00,13.5
Rhys Hoskins,Rhys Hoskins_2018 topps chrome psa 10,2019-03-19 23:30:22+00:00,13.0
Rhys Hoskins,Rhys Hoskins_2018 topps chrome psa 10,2020-10-29 21:48:16+00:00,19.0
Rhys Hoskins,Rhys Hoskins_2018 topps chrome psa 10,2021-01-14 23:21:15+00:00,27.0
Rhys Hoskins,Rhys Hoskins_2018 topps chrome psa 10,2021-06-30 21:27:20+00:00,20.55
Rhys Hoskins,Rhys Hoskins_2018 topps chrome psa 10,2022-04-14 07:52:57+00:00,30.0
Rhys Hoskins,Rhys Hoskins_2018 topps chrome psa 10,2022-10-23 23:24:00+00:00,20.4
Rhys Hoskins,Rhys Hoskins_2018 topps chrome psa 10,2022-10-23 23:24:00+00:00,19.2
Rhys Hoskins,Rhys Hoskins_2018 topps chrome psa 10,2022-10-30 23:16:00+00:00,16.8
Rhys Hoskins,Rhys Hoskins_2018 topps chrome psa 10,2022-10-30 23:16:00+00:00,15.6
Rhys Hoskins,Rhys Hoskins_2018 topps chrome psa 10,2022-11-06 23:25:00+00:00,16.8
Rhys Hoskins,Rhys Hoskins_2018 topps chrome psa 10,2022-11-06 23:25:00+00:00,15.6
Rhys Hoskins,Rhys Hoskins_2018 topps chrome psa 10,2022-11-06 23:25:00+00:00,14.4
Rhys Hoskins,Rhys Hoskins_2018 topps chrome psa 10,2022-11-30 22:00:00+00:00,8.0
Rhys Hoskins,Rhys Hoskins_2018 topps chrome psa 10,2022-12-25 23:16:00+00:00,10.8
Rhys Hoskins,Rhys Hoskins_2018 topps chrome psa 10,2024-02-16 15:37:41+00:00,20.0
Rhys Hoskins,Rhys Hoskins_2018 topps chrome psa 10,2025-10-07 23:52:21+00:00,14.0
Rhys Hoskins,Rhys Hoskins_2018 topps chrome psa 10,2026-04-03 23:12:01+00:00,9.99
Rhys Hoskins,Rhys Hoskins_2018 topps chrome psa 10,2026-04-06 03:25:02+00:00,9.99
Ronald Acuna Jr,Ronald Acuna Jr_2018 topps chrome psa 10,2021-05-19 23:13:44+00:00,268.85
Ronald Acuna Jr,Ronald Acuna Jr_2018 topps chrome psa 10,2021-05-19 23:13:47+00:00,265.0
Ronald Acuna Jr,Ronald Acuna Jr_2018 topps chrome psa 10,2021-05-19 23:13:51+00:00,262.0
Ronald Acuna Jr,Ronald Acuna Jr_2018 topps chrome psa 10,2021-05-19 23:13:54+00:00,260.0
Ronald Acuna Jr,Ronald Acuna Jr_2018 topps chrome psa 10,2021-05-19 23:13:57+00:00,260.0
Ronald Acuna Jr,Ronald Acuna Jr_2018 topps chrome psa 10,2021-05-19 23:14:01+00:00,265.0
Ronald Acuna Jr,Ronald Acuna Jr_2018 topps chrome psa 10,2021-05-19 23:14:04+00:00,260.0
Ronald Acuna Jr,Ronald Acuna Jr_2018 topps chrome psa 10,2021-05-19 23:14:08+00:00,280.0
Ronald Acuna Jr,Ronald Acuna Jr_2018 topps chrome psa 10,2021-05-19 23:14:11+00:00,268.0
Ronald Acuna Jr,Ronald Acuna Jr_2018 topps chrome psa 10,2021-05-31 21:37:35+00:00,227.5
Ronald Acuna Jr,Ronald Acuna Jr_2018 topps chrome psa 10,2021-05-31 21:37:36+00:00,285.0
Ronald Acuna Jr,Ronald Acuna Jr_2018 topps chrome psa 10,2022-05-01 23:21:00+00:00,144.0
Ronald Acuna Jr,Ronald Acuna Jr_2018 topps chrome psa 10,2022-05-15 23:15:00+00:00,115.2
Ronald Acuna Jr,Ronald Acuna Jr_2018 topps chrome psa 10,2022-05-19 11:34:25+00:00,100.0
Ronald Acuna Jr,Ronald Acuna Jr_2018 topps chrome psa 10,2023-05-24 20:00:00+00:00,76.8
Ronald Acuna Jr,Ronald Acuna Jr_2018 topps chrome psa 10,2023-05-24 20:00:00+00:00,75.6
Ronald Acuna Jr,Ronald Acuna Jr_2018 topps chrome psa 10,2023-05-24 20:00:00+00:00,78.0
Ronald Acuna Jr,Ronald Acuna Jr_2018 topps chrome psa 10,2023-05-24 20:00:00+00:00,67.2
Ronald Acuna Jr,Ronald Acuna Jr_2018 topps chrome psa 10,2023-05-28 23:12:00+00:00,51.6
Ronald Acuna Jr,Ronald Acuna Jr_2018 topps chrome psa 10,2024-05-16 22:15:03+00:00,51.24
Ronald Acuna Jr,Ronald Acuna Jr_2018 topps chrome psa 10,2024-05-16 22:20:03+00:00,48.8
Ronald Acuna Jr,Ronald Acuna Jr_2018 topps chrome psa 10,2025-05-18 23:22:00+00:00,42.0
Ronald Acuna Jr,Ronald Acuna Jr_2018 topps chrome psa 10,2025-05-22 07:47:36+00:00,62.22
Ronald Acuna Jr,Ronald Acuna Jr_2018 topps chrome psa 10,2025-05-26 18:20:20+00:00,60.0
Ronald Acuna Jr,Ronald Acuna Jr_2018 topps chrome psa 10,2026-05-22 18:21:08+00:00,32.76
Ronald Acuna Jr,Ronald Acuna Jr_2018 topps chrome psa 10,2026-05-18 00:00:00+00:00,51.99
Ronald Acuna Jr,Ronald Acuna Jr_2018 topps chrome psa 10,2026-05-18 00:00:00+00:00,35.99
Ronald Acuna Jr,Ronald Acuna Jr_2018 topps chrome psa 10,2026-05-18 00:00:00+00:00,41.99
Ronald Acuna Jr,Ronald Acuna Jr_2018 topps chrome psa 10,2026-05-19 00:00:00+00:00,63.3
Ronald Acuna Jr,Ronald Acuna Jr_2018 topps chrome psa 10,2026-05-21 00:00:00+00:00,67.97
Ronald Acuna Jr,Ronald Acuna Jr_2018 topps chrome psa 10,2026-05-22 00:00:00+00:00,53.99
Ronald Acuna Jr,Ronald Acuna Jr_2018 topps chrome psa 10,2026-05-23 00:00:00+00:00,50.48
Ronald Acuna Jr,Ronald Acuna Jr_2018 topps chrome psa 10,2026-05-24 00:00:00+00:00,50.0
Ronald Acuna Jr,Ronald Acuna Jr_2018 topps chrome psa 10,2026-05-25 00:00:00+00:00,45.54
Ronald Acuna Jr,Ronald Acuna Jr_2018 topps chrome psa 10,2026-05-25 00:00:00+00:00,44.99
Ronald Acuna Jr,Ronald Acuna Jr_2018 topps chrome psa 10,2026-05-25 00:00:00+00:00,47.99
Ronald Acuna Jr,Ronald Acuna Jr_2018 topps chrome psa 10,2026-05-25 00:00:00+00:00,46.99
Ronald Acuna Jr,Ronald Acuna Jr_2018 topps chrome psa 10,2026-05-25 00:00:00+00:00,42.99
Ronald Acuna Jr,Ronald Acuna Jr_2018 topps chrome psa 10,2026-05-25 00:00:00+00:00,48.99
Ronald Acuna Jr,Ronald Acuna Jr_2018 topps chrome psa 10,2026-05-25 00:00:00+00:00,37.99
Ronald Acuna Jr,Ronald Acuna Jr_2018 topps chrome psa 10,2026-05-25 00:00:00+00:00,31.99
Ronald Acuna Jr,Ronald Acuna Jr_2018 topps chrome psa 10,2026-05-25 00:00:00+00:00,49.99
Ronald Acuna Jr,Ronald Acuna Jr_2018 topps chrome psa 10,2026-05-26 00:00:00+00:00,50.49
Ronald Acuna Jr,Ronald Acuna Jr_2018 topps chrome psa 10,2026-05-28 00:00:00+00:00,55.95
Ronald Acuna Jr,Ronald Acuna Jr_2018 topps chrome psa 10,2026-05-28 00:00:00+00:00,48.9
Ronald Acuna Jr,Ronald Acuna Jr_2018 topps chrome psa 10,2026-05-29 00:00:00+00:00,56.99
Ronald Acuna Jr,Ronald Acuna Jr_2018 topps chrome psa 10,2026-05-29 00:00:00+00:00,53.4
Ronald Acuna Jr,Ronald Acuna Jr_2018 topps chrome psa 10,2026-05-29 00:00:00+00:00,55.83
Ronald Acuna Jr,Ronald Acuna Jr_2018 topps chrome psa 10,2026-05-31 00:00:00+00:00,56.0
Ronald Acuna Jr,Ronald Acuna Jr_2018 topps chrome psa 10,2026-06-01 00:00:00+00:00,45.98
Ronald Acuna Jr,Ronald Acuna Jr_2018 topps chrome psa 10,2026-06-01 00:00:00+00:00,55.48
Ronald Acuna Jr,Ronald Acuna Jr_2018 topps chrome psa 10,2026-06-01 00:00:00+00:00,53.99
Ronald Acuna Jr,Ronald Acuna Jr_2018 topps chrome psa 10,2026-06-02 00:00:00+00:00,43.0
Ronald Acuna Jr,Ronald Acuna Jr_2018 topps chrome psa 10,2026-06-02 00:00:00+00:00,44.99
Ronald Acuna Jr,Ronald Acuna Jr_2018 topps chrome psa 10,2026-06-06 00:00:00+00:00,71.17
Ronald Acuna Jr,Ronald Acuna Jr_2018 topps chrome psa 10,2026-06-06 00:00:00+00:00,75.98
Ronald Acuna Jr,Ronald Acuna Jr_2018 topps chrome psa 10,2026-06-07 00:00:00+00:00,65.16
Ronald Acuna Jr,Ronald Acuna Jr_2018 topps chrome psa 10,2026-06-11 00:00:00+00:00,48.24
Ronald Acuna Jr,Ronald Acuna Jr_2018 topps chrome psa 10,2026-06-11 00:00:00+00:00,60.62
Ronald Acuna Jr,Ronald Acuna Jr_2018 topps chrome psa 10,2026-06-12 00:00:00+00:00,49.99
Ronald Acuna Jr,Ronald Acuna Jr_2018 topps chrome psa 10,2026-06-12 00:00:00+00:00,59.45
Ronald Acuna Jr,Ronald Acuna Jr_2018 topps chrome psa 10,2026-06-14 00:00:00+00:00,52.4
Ronald Acuna Jr,Ronald Acuna Jr_2018 topps chrome psa 10,2026-06-14 00:00:00+00:00,59.0
Ronald Acuna Jr,Ronald Acuna Jr_2018 topps chrome psa 10,2026-06-14 00:00:00+00:00,59.95
Ronald Acuna Jr,Ronald Acuna Jr_2018 topps chrome psa 10,2026-06-15 00:00:00+00:00,56.24
Ronald Acuna Jr,Ronald Acuna Jr_2018 topps chrome psa 10,2026-06-17 00:00:00+00:00,37.48
Ronald Acuna Jr,Ronald Acuna Jr_2018 topps chrome psa 10,2026-06-22 00:00:00+00:00,46.99
Ronald Acuna Jr,Ronald Acuna Jr_2018 topps chrome psa 10,2026-06-25 00:00:00+00:00,55.23
Ronald Acuna Jr,Ronald Acuna Jr_2018 topps chrome psa 10,2026-06-25 00:00:00+00:00,49.92
Ronald Acuna Jr,Ronald Acuna Jr_2018 topps chrome psa 10,2026-06-25 00:00:00+00:00,48.4
Ronald Acuna Jr,Ronald Acuna Jr_2018 topps chrome psa 10,2026-06-27 00:00:00+00:00,79.98
Ronald Acuna Jr,Ronald Acuna Jr_2018 topps chrome psa 10,2026-06-28 00:00:00+00:00,56.99
Ronald Acuna Jr,Ronald Acuna Jr_2018 topps chrome psa 10,2026-06-29 00:00:00+00:00,54.98
Ronald Acuna Jr,Ronald Acuna Jr_2018 topps chrome psa 10,2026-06-29 00:00:00+00:00,51.6
Ronald Acuna Jr,Ronald Acuna Jr_2018 topps chrome psa 10,2026-07-05 00:00:00+00:00,59.5
Ronald Acuna Jr,Ronald Acuna Jr_2018 topps chrome psa 10,2026-07-06 00:00:00+00:00,54.98
Ronald Acuna Jr,Ronald Acuna Jr_2018 topps chrome psa 10,2026-07-08 00:00:00+00:00,56.48
Ronald Acuna Jr,Ronald Acuna Jr_2018 topps chrome psa 10,2026-07-09 00:00:00+00:00,62.12
Ronald Acuna Jr,Ronald Acuna Jr_2018 topps chrome psa 10,2026-07-10 00:00:00+00:00,56.99
Ronald Acuna Jr,Ronald Acuna Jr_2018 topps chrome psa 10,2026-07-10 00:00:00+00:00,69.99
Ronald Acuna Jr,Ronald Acuna Jr_2018 topps chrome psa 10,2026-07-13 00:00:00+00:00,55.62
Ronald Acuna Jr,Ronald Acuna Jr_2018 topps chrome psa 10,2026-07-14 00:00:00+00:00,55.24
Ronald Acuna Jr,Ronald Acuna Jr_2018 topps chrome psa 10,2026-07-15 00:00:00+00:00,34.88
Ronald Acuna Jr,Ronald Acuna Jr_2018 topps chrome psa 10,2026-07-16 00:00:00+00:00,45.48
Ronald Acuna Jr,Ronald Acuna Jr_2018 topps chrome psa 10,2026-07-16 00:00:00+00:00,45.0
Ronald Acuna Jr,Ronald Acuna Jr_2018 topps chrome psa 10,2026-07-16 00:00:00+00:00,36.99
Ronald Acuna Jr,Ronald Acuna Jr_2018 topps chrome psa 10,2026-07-16 00:00:00+00:00,37.0
Ronald Acuna Jr,Ronald Acuna Jr_2018 topps chrome psa 10,2026-07-18 00:00:00+00:00,45.0
Ronald Acuna Jr,Ronald Acuna Jr_2018 topps chrome psa 10,2026-07-22 00:00:00+00:00,53.24
Ronald Acuna Jr,Ronald Acuna Jr_2018 topps chrome psa 10,2026-07-22 00:00:00+00:00,41.0
Ronald Acuna Jr,Ronald Acuna Jr_2018 topps chrome psa 10,2026-07-23 00:00:00+00:00,52.79
Ronald Acuna Jr,Ronald Acuna Jr_2018 topps chrome psa 10,2026-07-24 00:00:00+00:00,55.62
Ronald Acuna Jr,Ronald Acuna Jr_2018 topps chrome psa 10,2026-07-25 00:00:00+00:00,45.72
Ronald Acuna Jr,Ronald Acuna Jr_2018 topps chrome psa 10,2026-07-25 00:00:00+00:00,54.99
Ronald Acuna Jr,Ronald Acuna Jr_2018 topps chrome psa 10,2026-07-25 00:00:00+00:00,53.01
Ronald Acuna Jr,Ronald Acuna Jr_2018 topps chrome psa 10,2026-07-25 00:00:00+00:00,55.62
Ronald Acuna Jr,Ronald Acuna Jr_2018 topps chrome psa 10,2026-07-26 00:00:00+00:00,68.4
Ronald Acuna Jr,Ronald Acuna Jr_2018 topps chrome psa 10,2026-07-29 00:00:00+00:00,44.99
Ronald Acuna Jr,Ronald Acuna Jr_2018 topps chrome psa 10,2026-07-30 00:00:00+00:00,55.17
Ronald Acuna Jr,Ronald Acuna Jr_2018 topps chrome psa 10,2026-07-31 00:00:00+00:00,54.0
Ronald Acuna Jr,Ronald Acuna Jr_2018 topps chrome psa 10,2026-08-02 00:00:00+00:00,44.99
Ronald Acuna Jr,Ronald Acuna Jr_2018 topps chrome psa 10,2026-08-02 00:00:00+00:00,37.0
Ronald Acuna Jr,Ronald Acuna Jr_2018 topps chrome psa 10,2026-08-03 00:00:00+00:00,54.98
Ronald Acuna Jr,Ronald Acuna Jr_2018 topps chrome psa 10,2026-08-04 00:00:00+00:00,50.82
Ronald Acuna Jr,Ronald Acuna Jr_2018 topps chrome psa 10,2026-08-06 00:00:00+00:00,53.6
Ronald Acuna Jr,Ronald Acuna Jr_2018 topps chrome psa 10,2026-08-06 00:00:00+00:00,58.0
Ronald Acuna Jr,Ronald Acuna Jr_2018 topps chrome psa 10,2026-08-06 00:00:00+00:00,48.99
Ronald Acuna Jr,Ronald Acuna Jr_2018 topps chrome psa 10,2026-08-07 00:00:00+00:00,58.48
Ronald Acuna Jr,Ronald Acuna Jr_2018 topps chrome psa 10,2026-08-07 00:00:00+00:00,47.99
Ronald Acuna Jr,Ronald Acuna Jr_2018 topps chrome psa 10,2026-08-08 00:00:00+00:00,56.99
Ronald Acuna Jr,Ronald Acuna Jr_2018 topps chrome psa 10,2026-08-10 00:00:00+00:00,46.99
Ronald Acuna Jr,Ronald Acuna Jr_2018 topps chrome psa 10,2026-08-10 00:00:00+00:00,47.28
Shohei Ohtani,Shohei Ohtani_2018 topps chrome psa 10,2021-12-01 15:00:00+00:00,307.32
Shohei Ohtani,Shohei Ohtani_2018 topps chrome psa 10,2021-12-18 15:00:00+00:00,409.7
Shohei Ohtani,Shohei Ohtani_2018 topps chrome psa 10,2021-12-24 15:00:00+00:00,210.8
Shohei Ohtani,Shohei Ohtani_2018 topps chrome psa 10,2022-01-30 15:00:00+00:00,371.21
Shohei Ohtani,Shohei Ohtani_2018 topps chrome psa 10,2022-02-03 15:00:00+00:00,264.63
Shohei Ohtani,Shohei Ohtani_2018 topps chrome psa 10,2022-03-13 23:24:00+00:00,186.0
Shohei Ohtani,Shohei Ohtani_2018 topps chrome psa 10,2022-04-10 23:13:00+00:00,300.0
Shohei Ohtani,Shohei Ohtani_2018 topps chrome psa 10,2022-04-24 23:22:00+00:00,168.0
Shohei Ohtani,Shohei Ohtani_2018 topps chrome psa 10,2022-09-11 23:17:00+00:00,156.0
Shohei Ohtani,Shohei Ohtani_2018 topps chrome psa 10,2022-09-18 23:21:00+00:00,132.0
Shohei Ohtani,Shohei Ohtani_2018 topps chrome psa 10,2022-10-23 23:24:00+00:00,108.0
Shohei Ohtani,Shohei Ohtani_2018 topps chrome psa 10,2022-12-04 23:26:00+00:00,100.8
Shohei Ohtani,Shohei Ohtani_2018 topps chrome psa 10,2023-01-08 23:14:00+00:00,126.0
Shohei Ohtani,Shohei Ohtani_2018 topps chrome psa 10,2023-01-29 23:21:00+00:00,150.0
Shohei Ohtani,Shohei Ohtani_2018 topps chrome psa 10,2023-02-26 23:29:00+00:00,108.0
Shohei Ohtani,Shohei Ohtani_2018 topps chrome psa 10,2023-03-02 15:00:00+00:00,234.0
Shohei Ohtani,Shohei Ohtani_2018 topps chrome psa 10,2023-03-05 23:17:00+00:00,120.0
Shohei Ohtani,Shohei Ohtani_2018 topps chrome psa 10,2023-03-12 23:18:00+00:00,120.0
Shohei Ohtani,Shohei Ohtani_2018 topps chrome psa 10,2023-03-19 23:31:00+00:00,132.0
Shohei Ohtani,Shohei Ohtani_2018 topps chrome psa 10,2023-03-21 16:00:00+00:00,325.06
Shohei Ohtani,Shohei Ohtani_2018 topps chrome psa 10,2023-03-26 23:24:00+00:00,174.0
Shohei Ohtani,Shohei Ohtani_2018 topps chrome psa 10,2023-04-16 23:23:00+00:00,186.0
Shohei Ohtani,Shohei Ohtani_2018 topps chrome psa 10,2023-04-17 16:00:00+00:00,239.85
Shohei Ohtani,Shohei Ohtani_2018 topps chrome psa 10,2023-04-18 16:00:00+00:00,280.1
Shohei Ohtani,Shohei Ohtani_2018 topps chrome psa 10,2023-04-22 16:00:00+00:00,219.96
Shohei Ohtani,Shohei Ohtani_2018 topps chrome psa 10,2023-04-23 16:00:00+00:00,257.99
Shohei Ohtani,Shohei Ohtani_2018 topps chrome psa 10,2023-04-23 23:14:00+00:00,180.0
Shohei Ohtani,Shohei Ohtani_2018 topps chrome psa 10,2023-04-27 16:00:00+00:00,214.99
Shohei Ohtani,Shohei Ohtani_2018 topps chrome psa 10,2023-04-30 23:19:00+00:00,180.0
Shohei Ohtani,Shohei Ohtani_2018 topps chrome psa 10,2023-05-07 16:00:00+00:00,409.5
Shohei Ohtani,Shohei Ohtani_2018 topps chrome psa 10,2023-05-07 23:16:00+00:00,180.0
Shohei Ohtani,Shohei Ohtani_2018 topps chrome psa 10,2023-05-29 10:40:00+00:00,239.85
Shohei Ohtani,Shohei Ohtani_2018 topps chrome psa 10,2023-05-30 17:57:23+00:00,250.0
Shohei Ohtani,Shohei Ohtani_2018 topps chrome psa 10,2023-06-11 16:00:00+00:00,380.25
Shohei Ohtani,Shohei Ohtani_2018 topps chrome psa 10,2023-06-11 16:00:00+00:00,122.85
Shohei Ohtani,Shohei Ohtani_2018 topps chrome psa 10,2023-06-14 16:00:00+00:00,263.25
Shohei Ohtani,Shohei Ohtani_2018 topps chrome psa 10,2023-06-18 16:00:00+00:00,147.42
Shohei Ohtani,Shohei Ohtani_2018 topps chrome psa 10,2023-06-18 16:00:00+00:00,146.25
Shohei Ohtani,Shohei Ohtani_2018 topps chrome psa 10,2023-06-18 16:00:00+00:00,137.59
Shohei Ohtani,Shohei Ohtani_2018 topps chrome psa 10,2023-06-25 11:26:34+00:00,175.0
Shohei Ohtani,Shohei Ohtani_2018 topps chrome psa 10,2023-07-19 20:00:00+00:00,318.0
Shohei Ohtani,Shohei Ohtani_2018 topps chrome psa 10,2023-08-09 16:00:00+00:00,319.41
Shohei Ohtani,Shohei Ohtani_2018 topps chrome psa 10,2023-08-14 08:10:00+00:00,318.18
Shohei Ohtani,Shohei Ohtani_2018 topps chrome psa 10,2023-09-03 23:12:00+00:00,186.0
Shohei Ohtani,Shohei Ohtani_2018 topps chrome psa 10,2023-09-15 16:00:00+00:00,136.36
Shohei Ohtani,Shohei Ohtani_2018 topps chrome psa 10,2023-10-06 16:00:00+00:00,184.28
Shohei Ohtani,Shohei Ohtani_2018 topps chrome psa 10,2023-10-15 16:00:00+00:00,117.0
Shohei Ohtani,Shohei Ohtani_2018 topps chrome psa 10,2023-10-22 23:17:00+00:00,156.0
Shohei Ohtani,Shohei Ohtani_2018 topps chrome psa 10,2023-10-22 23:17:00+00:00,144.0
Shohei Ohtani,Shohei Ohtani_2018 topps chrome psa 10,2023-10-22 23:17:00+00:00,150.0
Shohei Ohtani,Shohei Ohtani_2018 topps chrome psa 10,2023-12-10 23:21:00+00:00,186.0
Shohei Ohtani,Shohei Ohtani_2018 topps chrome psa 10,2023-12-17 23:18:00+00:00,198.0
Shohei Ohtani,Shohei Ohtani_2018 topps chrome psa 10,2023-12-17 23:18:00+00:00,186.0
Shohei Ohtani,Shohei Ohtani_2018 topps chrome psa 10,2023-12-29 15:00:00+00:00,351.0
Shohei Ohtani,Shohei Ohtani_2018 topps chrome psa 10,2023-12-30 19:16:47+00:00,190.0
Shohei Ohtani,Shohei Ohtani_2018 topps chrome psa 10,2024-02-07 15:00:00+00:00,579.15
Shohei Ohtani,Shohei Ohtani_2018 topps chrome psa 10,2024-03-03 15:00:00+00:00,257.99
Shohei Ohtani,Shohei Ohtani_2018 topps chrome psa 10,2024-03-29 16:00:00+00:00,218.06
Shohei Ohtani,Shohei Ohtani_2018 topps chrome psa 10,2024-04-27 19:59:00+00:00,276.0
Shohei Ohtani,Shohei Ohtani_2018 topps chrome psa 10,2024-04-28 16:00:00+00:00,175.5
Shohei Ohtani,Shohei Ohtani_2018 topps chrome psa 10,2024-05-12 16:00:00+00:00,135.14
Shohei Ohtani,Shohei Ohtani_2018 topps chrome psa 10,2024-06-02 16:00:00+00:00,147.42
Shohei Ohtani,Shohei Ohtani_2018 topps chrome psa 10,2024-06-20 16:00:00+00:00,208.86
Shohei Ohtani,Shohei Ohtani_2018 topps chrome psa 10,2024-10-02 16:00:00+00:00,351.0
Shohei Ohtani,Shohei Ohtani_2018 topps chrome psa 10,2024-10-23 16:00:00+00:00,245.7
Shohei Ohtani,Shohei Ohtani_2018 topps chrome psa 10,2024-11-08 15:00:00+00:00,232.83
Shohei Ohtani,Shohei Ohtani_2018 topps chrome psa 10,2024-12-08 15:00:00+00:00,184.46
Shohei Ohtani,Shohei Ohtani_2018 topps chrome psa 10,2024-12-12 11:45:07+00:00,212.62
Shohei Ohtani,Shohei Ohtani_2018 topps chrome psa 10,2025-01-02 08:47:12+00:00,246.14
Shohei Ohtani,Shohei Ohtani_2018 topps chrome psa 10,2025-01-18 18:49:52+00:00,250.0
Shohei Ohtani,Shohei Ohtani_2018 topps chrome psa 10,2025-01-18 21:22:21+00:00,228.0
Shohei Ohtani,Shohei Ohtani_2018 topps chrome psa 10,2025-01-19 23:18:00+00:00,216.0
Shohei Ohtani,Shohei Ohtani_2018 topps chrome psa 10,2025-01-24 15:00:00+00:00,180.59
Shohei Ohtani,Shohei Ohtani_2018 topps chrome psa 10,2025-01-27 00:08:39+00:00,200.0
Shohei Ohtani,Shohei Ohtani_2018 topps chrome psa 10,2025-02-20 08:46:12+00:00,497.75
Shohei Ohtani,Shohei Ohtani_2018 topps chrome psa 10,2025-04-03 11:57:30+00:00,307.13
Shohei Ohtani,Shohei Ohtani_2018 topps chrome psa 10,2025-04-10 11:22:54+00:00,247.95
Shohei Ohtani,Shohei Ohtani_2018 topps chrome psa 10,2025-04-14 09:26:10+00:00,154.5
Shohei Ohtani,Shohei Ohtani_2018 topps chrome psa 10,2025-04-16 10:24:17+00:00,237.78
Shohei Ohtani,Shohei Ohtani_2018 topps chrome psa 10,2025-04-17 12:34:23+00:00,201.8
Shohei Ohtani,Shohei Ohtani_2018 topps chrome psa 10,2025-04-24 12:04:17+00:00,196.0
Shohei Ohtani,Shohei Ohtani_2018 topps chrome psa 10,2025-05-01 07:28:09+00:00,235.0
Shohei Ohtani,Shohei Ohtani_2018 topps chrome psa 10,2025-05-15 19:20:52+00:00,240.0
Shohei Ohtani,Shohei Ohtani_2018 topps chrome psa 10,2025-06-13 15:39:24+00:00,240.0
Shohei Ohtani,Shohei Ohtani_2018 topps chrome psa 10,2025-06-18 23:34:39+00:00,212.0
Shohei Ohtani,Shohei Ohtani_2018 topps chrome psa 10,2025-06-24 21:05:29+00:00,349.0
Shohei Ohtani,Shohei Ohtani_2018 topps chrome psa 10,2025-07-13 23:12:00+00:00,300.0
Shohei Ohtani,Shohei Ohtani_2018 topps chrome psa 10,2025-07-17 10:58:55+00:00,257.4
Shohei Ohtani,Shohei Ohtani_2018 topps chrome psa 10,2025-07-20 14:55:02+00:00,335.0
Shohei Ohtani,Shohei Ohtani_2018 topps chrome psa 10,2025-07-20 23:17:00+00:00,252.0
Shohei Ohtani,Shohei Ohtani_2018 topps chrome psa 10,2025-07-20 23:17:00+00:00,432.0
Shohei Ohtani,Shohei Ohtani_2018 topps chrome psa 10,2025-07-20 23:17:00+00:00,240.0
Shohei Ohtani,Shohei Ohtani_2018 topps chrome psa 10,2025-07-20 23:17:00+00:00,216.0
Shohei Ohtani,Shohei Ohtani_2018 topps chrome psa 10,2025-07-27 23:19:00+00:00,276.0
Shohei Ohtani,Shohei Ohtani_2018 topps chrome psa 10,2025-08-22 10:51:13+00:00,202.7
Shohei Ohtani,Shohei Ohtani_2018 topps chrome psa 10,2025-09-18 16:00:00+00:00,292.5
Shohei Ohtani,Shohei Ohtani_2018 topps chrome psa 10,2025-09-28 23:20:00+00:00,264.0
Shohei Ohtani,Shohei Ohtani_2018 topps chrome psa 10,2025-09-28 23:20:00+00:00,234.0
Shohei Ohtani,Shohei Ohtani_2018 topps chrome psa 10,2025-10-11 14:54:14+00:00,323.1
Shohei Ohtani,Shohei Ohtani_2018 topps chrome psa 10,2025-10-12 09:01:35+00:00,429.98
Shohei Ohtani,Shohei Ohtani_2018 topps chrome psa 10,2025-10-17 22:04:49+00:00,270.0
Shohei Ohtani,Shohei Ohtani_2018 topps chrome psa 10,2025-10-17 22:28:10+00:00,275.0
Shohei Ohtani,Shohei Ohtani_2018 topps chrome psa 10,2025-10-17 23:01:24+00:00,368.0
Shohei Ohtani,Shohei Ohtani_2018 topps chrome psa 10,2025-10-26 16:00:00+00:00,581.14
Shohei Ohtani,Shohei Ohtani_2018 topps chrome psa 10,2025-11-02 12:26:55+00:00,487.89
Shohei Ohtani,Shohei Ohtani_2018 topps chrome psa 10,2025-11-02 14:04:46+00:00,393.12
Shohei Ohtani,Shohei Ohtani_2018 topps chrome psa 10,2025-11-14 06:39:58+00:00,585.0
Shohei Ohtani,Shohei Ohtani_2018 topps chrome psa 10,2025-11-24 12:13:01+00:00,638.82
Shohei Ohtani,Shohei Ohtani_2018 topps chrome psa 10,2026-01-09 13:32:27+00:00,251.92
Shohei Ohtani,Shohei Ohtani_2018 topps chrome psa 10,2026-01-18 23:19:00+00:00,588.0
Shohei Ohtani,Shohei Ohtani_2018 topps chrome psa 10,2026-02-07 15:00:00+00:00,706.39
Shohei Ohtani,Shohei Ohtani_2018 topps chrome psa 10,2026-02-17 19:24:33+00:00,625.0
Shohei Ohtani,Shohei Ohtani_2018 topps chrome psa 10,2026-02-17 21:46:00+00:00,709.0
Shohei Ohtani,Shohei Ohtani_2018 topps chrome psa 10,2026-02-18 07:14:03+00:00,424.8
Shohei Ohtani,Shohei Ohtani_2018 topps chrome psa 10,2026-02-19 19:54:00+00:00,725.0
Shohei Ohtani,Shohei Ohtani_2018 topps chrome psa 10,2026-02-19 21:38:01+00:00,705.37
Shohei Ohtani,Shohei Ohtani_2018 topps chrome psa 10,2026-02-19 21:43:38+00:00,750.0
Shohei Ohtani,Shohei Ohtani_2018 topps chrome psa 10,2026-02-19 22:11:38+00:00,750.0
Shohei Ohtani,Shohei Ohtani_2018 topps chrome psa 10,2026-02-20 09:46:31+00:00,499.0
Shohei Ohtani,Shohei Ohtani_2018 topps chrome psa 10,2026-02-20 14:51:56+00:00,700.0
Shohei Ohtani,Shohei Ohtani_2018 topps chrome psa 10,2026-02-20 15:42:46+00:00,705.0
Shohei Ohtani,Shohei Ohtani_2018 topps chrome psa 10,2026-02-22 15:00:00+00:00,684.45
Shohei Ohtani,Shohei Ohtani_2018 topps chrome psa 10,2026-03-14 21:39:00+00:00,830.0
Shohei Ohtani,Shohei Ohtani_2018 topps chrome psa 10,2026-04-02 21:47:00+00:00,779.76
Shohei Ohtani,Shohei Ohtani_2018 topps chrome psa 10,2026-04-02 22:56:28+00:00,924.99
Shohei Ohtani,Shohei Ohtani_2018 topps chrome psa 10,2026-04-02 23:29:55+00:00,900.0
Shohei Ohtani,Shohei Ohtani_2018 topps chrome psa 10,2026-04-03 10:54:26+00:00,969.99
Shohei Ohtani,Shohei Ohtani_2018 topps chrome psa 10,2026-04-03 15:49:30+00:00,910.0
Shohei Ohtani,Shohei Ohtani_2018 topps chrome psa 10,2026-04-03 22:29:43+00:00,875.0
Shohei Ohtani,Shohei Ohtani_2018 topps chrome psa 10,2026-04-04 08:53:59+00:00,901.0
Shohei Ohtani,Shohei Ohtani_2018 topps chrome psa 10,2026-04-04 13:49:29+00:00,945.0
Shohei Ohtani,Shohei Ohtani_2018 topps chrome psa 10,2026-04-04 21:02:00+00:00,890.0
Shohei Ohtani,Shohei Ohtani_2018 topps chrome psa 10,2026-04-04 22:35:01+00:00,920.0
Shohei Ohtani,Shohei Ohtani_2018 topps chrome psa 10,2026-04-04 22:42:20+00:00,895.0
Shohei Ohtani,Shohei Ohtani_2018 topps chrome psa 10,2026-04-05 09:23:31+00:00,899.99
Shohei Ohtani,Shohei Ohtani_2018 topps chrome psa 10,2026-04-05 14:53:42+00:00,945.0
Shohei Ohtani,Shohei Ohtani_2018 topps chrome psa 10,2026-04-05 20:04:30+00:00,910.0
Shohei Ohtani,Shohei Ohtani_2018 topps chrome psa 10,2026-04-05 20:48:36+00:00,920.0
Shohei Ohtani,Shohei Ohtani_2018 topps chrome psa 10,2026-04-06 15:17:31+00:00,919.99
Shohei Ohtani,Shohei Ohtani_2018 topps chrome psa 10,2026-04-06 18:56:19+00:00,950.0
Shohei Ohtani,Shohei Ohtani_2018 topps chrome psa 10,2026-04-06 19:59:16+00:00,1000.0
Shohei Ohtani,Shohei Ohtani_2018 topps chrome psa 10,2026-04-06 20:52:25+00:00,975.0
Shohei Ohtani,Shohei Ohtani_2018 topps chrome psa 10,2026-04-06 22:41:56+00:00,999.0
Shohei Ohtani,Shohei Ohtani_2018 topps chrome psa 10,2026-04-06 22:44:59+00:00,1000.0
Shohei Ohtani,Shohei Ohtani_2018 topps chrome psa 10,2026-04-06 23:53:03+00:00,1000.0
Shohei Ohtani,Shohei Ohtani_2018 topps chrome psa 10,2026-04-07 11:24:30+00:00,969.99
Shohei Ohtani,Shohei Ohtani_2018 topps chrome psa 10,2026-04-07 14:57:47+00:00,912.75
Shohei Ohtani,Shohei Ohtani_2018 topps chrome psa 10,2026-04-07 21:36:35+00:00,950.0
Shohei Ohtani,Shohei Ohtani_2018 topps chrome psa 10,2026-04-08 09:04:18+00:00,975.0
Shohei Ohtani,Shohei Ohtani_2018 topps chrome psa 10,2026-04-08 20:49:31+00:00,950.0
Shohei Ohtani,Shohei Ohtani_2018 topps chrome psa 10,2026-04-09 06:33:27+00:00,930.0
Shohei Ohtani,Shohei Ohtani_2018 topps chrome psa 10,2026-04-09 20:33:47+00:00,975.0
Shohei Ohtani,Shohei Ohtani_2018 topps chrome psa 10,2026-04-09 22:46:00+00:00,961.0
Shohei Ohtani,Shohei Ohtani_2018 topps chrome psa 10,2026-04-09 23:25:14+00:00,949.0
Shohei Ohtani,Shohei Ohtani_2018 topps chrome psa 10,2026-04-11 06:15:21+00:00,950.0
Shohei Ohtani,Shohei Ohtani_2018 topps chrome psa 10,2026-04-11 06:29:11+00:00,950.0
Shohei Ohtani,Shohei Ohtani_2018 topps chrome psa 10,2026-04-11 22:02:00+00:00,922.0
Shohei Ohtani,Shohei Ohtani_2018 topps chrome psa 10,2026-04-12 01:33:01+00:00,930.0
Shohei Ohtani,Shohei Ohtani_2018 topps chrome psa 10,2026-04-12 11:52:26+00:00,900.0
Shohei Ohtani,Shohei Ohtani_2018 topps chrome psa 10,2026-04-12 13:08:35+00:00,969.99
Shohei Ohtani,Shohei Ohtani_2018 topps chrome psa 10,2026-04-12 15:28:36+00:00,970.0
Shohei Ohtani,Shohei Ohtani_2018 topps chrome psa 10,2026-04-12 20:30:00+00:00,960.01
Shohei Ohtani,Shohei Ohtani_2018 topps chrome psa 10,2026-04-12 21:55:00+00:00,987.0
Shohei Ohtani,Shohei Ohtani_2018 topps chrome psa 10,2026-04-12 22:17:21+00:00,1050.0
Shohei Ohtani,Shohei Ohtani_2018 topps chrome psa 10,2026-04-12 23:05:01+00:00,961.0
Shohei Ohtani,Shohei Ohtani_2018 topps chrome psa 10,2026-04-12 23:06:01+00:00,960.0
Shohei Ohtani,Shohei Ohtani_2018 topps chrome psa 10,2026-04-13 09:45:32+00:00,1250.0
Shohei Ohtani,Shohei Ohtani_2018 topps chrome psa 10,2026-04-13 15:50:11+00:00,985.0
Shohei Ohtani,Shohei Ohtani_2018 topps chrome psa 10,2026-04-13 16:23:48+00:00,1025.0
Shohei Ohtani,Shohei Ohtani_2018 topps chrome psa 10,2026-04-13 19:43:44+00:00,1000.0
Shohei Ohtani,Shohei Ohtani_2018 topps chrome psa 10,2026-04-13 19:45:25+00:00,1000.99
Shohei Ohtani,Shohei Ohtani_2018 topps chrome psa 10,2026-04-13 22:46:58+00:00,920.0
Shohei Ohtani,Shohei Ohtani_2018 topps chrome psa 10,2026-04-14 16:38:07+00:00,949.99
Shohei Ohtani,Shohei Ohtani_2018 topps chrome psa 10,2026-04-14 20:05:23+00:00,921.55
Shohei Ohtani,Shohei Ohtani_2018 topps chrome psa 10,2026-04-15 14:14:13+00:00,950.0
Shohei Ohtani,Shohei Ohtani_2018 topps chrome psa 10,2026-04-15 17:05:17+00:00,915.0
Shohei Ohtani,Shohei Ohtani_2018 topps chrome psa 10,2026-05-15 12:57:09+00:00,1483.56
Shohei Ohtani,Shohei Ohtani_2018 topps chrome psa 10,2026-06-16 13:13:33+00:00,1084.89
Shohei Ohtani,Shohei Ohtani_2018 topps chrome psa 10,2026-07-16 12:14:27+00:00,1326.01
Shohei Ohtani,Shohei Ohtani_2018 topps chrome psa 10,2026-07-18 00:00:00+00:00,1475.0
Shohei Ohtani,Shohei Ohtani_2018 topps chrome psa 10,2026-07-19 00:00:00+00:00,1480.99
Shohei Ohtani,Shohei Ohtani_2018 topps chrome psa 10,2026-07-19 00:00:00+00:00,1505.5
Shohei Ohtani,Shohei Ohtani_2018 topps chrome psa 10,2026-07-19 00:00:00+00:00,1450.0
Shohei Ohtani,Shohei Ohtani_2018 topps chrome psa 10,2026-07-19 00:00:00+00:00,1501.99
Shohei Ohtani,Shohei Ohtani_2018 topps chrome psa 10,2026-07-20 00:00:00+00:00,1345.0
Shohei Ohtani,Shohei Ohtani_2018 topps chrome psa 10,2026-07-20 00:00:00+00:00,1504.89
Shohei Ohtani,Shohei Ohtani_2018 topps chrome psa 10,2026-07-21 00:00:00+00:00,1480.4
Shohei Ohtani,Shohei Ohtani_2018 topps chrome psa 10,2026-07-21 00:00:00+00:00,1455.99
Shohei Ohtani,Shohei Ohtani_2018 topps chrome psa 10,2026-07-21 00:00:00+00:00,1505.99
Shohei Ohtani,Shohei Ohtani_2018 topps chrome psa 10,2026-07-22 00:00:00+00:00,1305.72
Shohei Ohtani,Shohei Ohtani_2018 topps chrome psa 10,2026-07-22 00:00:00+00:00,1494.95
Shohei Ohtani,Shohei Ohtani_2018 topps chrome psa 10,2026-07-22 00:00:00+00:00,1479.99
Shohei Ohtani,Shohei Ohtani_2018 topps chrome psa 10,2026-07-22 00:00:00+00:00,1499.0
Shohei Ohtani,Shohei Ohtani_2018 topps chrome psa 10,2026-07-23 00:00:00+00:00,1545.0
Shohei Ohtani,Shohei Ohtani_2018 topps chrome psa 10,2026-07-23 00:00:00+00:00,1204.99
Shohei Ohtani,Shohei Ohtani_2018 topps chrome psa 10,2026-07-24 00:00:00+00:00,1508.95
Shohei Ohtani,Shohei Ohtani_2018 topps chrome psa 10,2026-07-24 00:00:00+00:00,1499.0
Shohei Ohtani,Shohei Ohtani_2018 topps chrome psa 10,2026-07-24 00:00:00+00:00,1495.61
Shohei Ohtani,Shohei Ohtani_2018 topps chrome psa 10,2026-07-25 00:00:00+00:00,1559.93
Shohei Ohtani,Shohei Ohtani_2018 topps chrome psa 10,2026-07-25 00:00:00+00:00,1516.98
Shohei Ohtani,Shohei Ohtani_2018 topps chrome psa 10,2026-07-25 00:00:00+00:00,1455.4
Shohei Ohtani,Shohei Ohtani_2018 topps chrome psa 10,2026-07-25 00:00:00+00:00,1505.62
Shohei Ohtani,Shohei Ohtani_2018 topps chrome psa 10,2026-07-26 00:00:00+00:00,1529.99
Shohei Ohtani,Shohei Ohtani_2018 topps chrome psa 10,2026-07-26 00:00:00+00:00,1606.25
Shohei Ohtani,Shohei Ohtani_2018 topps chrome psa 10,2026-07-26 00:00:00+00:00,1580.97
Shohei Ohtani,Shohei Ohtani_2018 topps chrome psa 10,2026-07-26 00:00:00+00:00,1645.0
Shohei Ohtani,Shohei Ohtani_2018 topps chrome psa 10,2026-07-27 00:00:00+00:00,1498.75
Shohei Ohtani,Shohei Ohtani_2018 topps chrome psa 10,2026-07-27 00:00:00+00:00,1406.0
Shohei Ohtani,Shohei Ohtani_2018 topps chrome psa 10,2026-07-27 00:00:00+00:00,1479.99
Shohei Ohtani,Shohei Ohtani_2018 topps chrome psa 10,2026-07-27 00:00:00+00:00,1530.97
Shohei Ohtani,Shohei Ohtani_2018 topps chrome psa 10,2026-07-29 00:00:00+00:00,1504.99
Shohei Ohtani,Shohei Ohtani_2018 topps chrome psa 10,2026-07-29 00:00:00+00:00,1404.72
Shohei Ohtani,Shohei Ohtani_2018 topps chrome psa 10,2026-07-29 00:00:00+00:00,1480.0
Shohei Ohtani,Shohei Ohtani_2018 topps chrome psa 10,2026-07-30 00:00:00+00:00,1693.0
Shohei Ohtani,Shohei Ohtani_2018 topps chrome psa 10,2026-07-30 00:00:00+00:00,1577.75
Shohei Ohtani,Shohei Ohtani_2018 topps chrome psa 10,2026-07-30 00:00:00+00:00,1510.0
Shohei Ohtani,Shohei Ohtani_2018 topps chrome psa 10,2026-07-30 00:00:00+00:00,1508.3
Shohei Ohtani,Shohei Ohtani_2018 topps chrome psa 10,2026-07-30 00:00:00+00:00,1482.9
Shohei Ohtani,Shohei Ohtani_2018 topps chrome psa 10,2026-07-30 00:00:00+00:00,1507.89
Shohei Ohtani,Shohei Ohtani_2018 topps chrome psa 10,2026-07-31 00:00:00+00:00,1620.0
Shohei Ohtani,Shohei Ohtani_2018 topps chrome psa 10,2026-07-31 00:00:00+00:00,1559.45
Shohei Ohtani,Shohei Ohtani_2018 topps chrome psa 10,2026-07-31 00:00:00+00:00,1594.99
Shohei Ohtani,Shohei Ohtani_2018 topps chrome psa 10,2026-07-31 00:00:00+00:00,1605.98
Shohei Ohtani,Shohei Ohtani_2018 topps chrome psa 10,2026-08-01 00:00:00+00:00,1554.99
Shohei Ohtani,Shohei Ohtani_2018 topps chrome psa 10,2026-08-01 00:00:00+00:00,1612.05
Shohei Ohtani,Shohei Ohtani_2018 topps chrome psa 10,2026-08-01 00:00:00+00:00,1600.0
Shohei Ohtani,Shohei Ohtani_2018 topps chrome psa 10,2026-08-01 00:00:00+00:00,1635.0
Shohei Ohtani,Shohei Ohtani_2018 topps chrome psa 10,2026-08-01 00:00:00+00:00,1530.97
Shohei Ohtani,Shohei Ohtani_2018 topps chrome psa 10,2026-08-02 00:00:00+00:00,1740.0
Shohei Ohtani,Shohei Ohtani_2018 topps chrome psa 10,2026-08-02 00:00:00+00:00,1644.99
Shohei Ohtani,Shohei Ohtani_2018 topps chrome psa 10,2026-08-02 00:00:00+00:00,1630.55
Shohei Ohtani,Shohei Ohtani_2018 topps chrome psa 10,2026-08-02 00:00:00+00:00,1409.0
Shohei Ohtani,Shohei Ohtani_2018 topps chrome psa 10,2026-08-02 00:00:00+00:00,1804.99
Shohei Ohtani,Shohei Ohtani_2018 topps chrome psa 10,2026-08-02 00:00:00+00:00,1630.0
Shohei Ohtani,Shohei Ohtani_2018 topps chrome psa 10,2026-08-02 00:00:00+00:00,1909.44
Shohei Ohtani,Shohei Ohtani_2018 topps chrome psa 10,2026-08-02 00:00:00+00:00,1805.98
Shohei Ohtani,Shohei Ohtani_2018 topps chrome psa 10,2026-08-02 00:00:00+00:00,1609.98
Shohei Ohtani,Shohei Ohtani_2018 topps chrome psa 10,2026-08-02 00:00:00+00:00,1459.45
Shohei Ohtani,Shohei Ohtani_2018 topps chrome psa 10,2026-08-03 00:00:00+00:00,1755.48
Shohei Ohtani,Shohei Ohtani_2018 topps chrome psa 10,2026-08-03 00:00:00+00:00,1807.75
Shohei Ohtani,Shohei Ohtani_2018 topps chrome psa 10,2026-08-03 00:00:00+00:00,1785.0
Shohei Ohtani,Shohei Ohtani_2018 topps chrome psa 10,2026-08-03 00:00:00+00:00,1555.98
Shohei Ohtani,Shohei Ohtani_2018 topps chrome psa 10,2026-08-03 00:00:00+00:00,1608.75
Shohei Ohtani,Shohei Ohtani_2018 topps chrome psa 10,2026-08-04 00:00:00+00:00,1755.17
Shohei Ohtani,Shohei Ohtani_2018 topps chrome psa 10,2026-08-04 00:00:00+00:00,2005.48
Shohei Ohtani,Shohei Ohtani_2018 topps chrome psa 10,2026-08-05 00:00:00+00:00,1872.78
Shohei Ohtani,Shohei Ohtani_2018 topps chrome psa 10,2026-08-05 00:00:00+00:00,1779.99
Shohei Ohtani,Shohei Ohtani_2018 topps chrome psa 10,2026-08-05 00:00:00+00:00,1800.99
Shohei Ohtani,Shohei Ohtani_2018 topps chrome psa 10,2026-08-05 00:00:00+00:00,1500.0
Shohei Ohtani,Shohei Ohtani_2018 topps chrome psa 10,2026-08-07 00:00:00+00:00,1924.7
Shohei Ohtani,Shohei Ohtani_2018 topps chrome psa 10,2026-08-07 00:00:00+00:00,1780.99
Shohei Ohtani,Shohei Ohtani_2018 topps chrome psa 10,2026-08-07 00:00:00+00:00,1900.0
Shohei Ohtani,Shohei Ohtani_2018 topps chrome psa 10,2026-08-07 00:00:00+00:00,1511.0
Shohei Ohtani,Shohei Ohtani_2018 topps chrome psa 10,2026-08-07 00:00:00+00:00,1126.17
Shohei Ohtani,Shohei Ohtani_2018 topps chrome psa 10,2026-08-08 00:00:00+00:00,1780.99
Shohei Ohtani,Shohei Ohtani_2018 topps chrome psa 10,2026-08-08 00:00:00+00:00,1839.99
Shohei Ohtani,Shohei Ohtani_2018 topps chrome psa 10,2026-08-08 00:00:00+00:00,1955.99
Shohei Ohtani,Shohei Ohtani_2018 topps chrome psa 10,2026-08-09 00:00:00+00:00,1853.22
Shohei Ohtani,Shohei Ohtani_2018 topps chrome psa 10,2026-08-09 00:00:00+00:00,1856.0
Shohei Ohtani,Shohei Ohtani_2018 topps chrome psa 10,2026-08-09 00:00:00+00:00,1858.95
Shohei Ohtani,Shohei Ohtani_2018 topps chrome psa 10,2026-08-09 00:00:00+00:00,1905.62
Shohei Ohtani,Shohei Ohtani_2018 topps chrome psa 10,2026-08-09 00:00:00+00:00,1900.0
Shohei Ohtani,Shohei Ohtani_2018 topps chrome psa 10,2026-08-10 00:00:00+00:00,1810.0
Shohei Ohtani,Shohei Ohtani_2018 topps chrome psa 10,2026-08-10 00:00:00+00:00,1895.0
Shohei Ohtani,Shohei Ohtani_2018 topps chrome psa 10,2026-08-10 00:00:00+00:00,6850.0
Shohei Ohtani,Shohei Ohtani_2018 topps chrome psa 10,2026-08-10 00:00:00+00:00,1730.99
Shohei Ohtani,Shohei Ohtani_2018 topps chrome psa 10,2026-08-10 00:00:00+00:00,1708.99
Shohei Ohtani,Shohei Ohtani_2018 topps chrome psa 10,2026-08-10 00:00:00+00:00,1654.99
Shohei Ohtani,Shohei Ohtani_2018 topps chrome psa 10,2026-08-10 00:00:00+00:00,1680.01
Shohei Ohtani,Shohei Ohtani_2018 topps chrome psa 10,2026-08-10 00:00:00+00:00,1754.99
Shohei Ohtani,Shohei Ohtani_2018 topps chrome psa 10,2026-08-10 00:00:00+00:00,2011.99
Shohei Ohtani,Shohei Ohtani_2018 topps chrome psa 10,2026-08-10 00:00:00+00:00,1804.48
Shohei Ohtani,Shohei Ohtani_2018 topps chrome psa 10,2026-08-11 00:00:00+00:00,1905.17
Shohei Ohtani,Shohei Ohtani_2018 topps chrome psa 10,2026-08-12 00:00:00+00:00,1695.0
Trea Turner,Trea Turner_2016 topps chrome psa 10,2018-08-21 21:23:56+00:00,6.5
Trea Turner,Trea Turner_2016 topps chrome psa 10,2018-08-30 22:26:25+00:00,11.02
Trea Turner,Trea Turner_2016 topps chrome psa 10,2019-09-18 22:37:17+00:00,15.5
Trea Turner,Trea Turner_2016 topps chrome psa 10,2021-01-14 22:56:48+00:00,71.0
Trea Turner,Trea Turner_2016 topps chrome psa 10,2021-01-28 23:37:26+00:00,60.89
Trea Turner,Trea Turner_2016 topps chrome psa 10,2021-02-16 21:52:54+00:00,70.0
Trea Turner,Trea Turner_2016 topps chrome psa 10,2021-09-18 14:50:34+00:00,100.0
Trea Turner,Trea Turner_2016 topps chrome psa 10,2021-10-15 12:53:38+00:00,135.0
Trea Turner,Trea Turner_2016 topps chrome psa 10,2022-02-27 22:50:00+00:00,88.8
Trea Turner,Trea Turner_2016 topps chrome psa 10,2022-03-20 23:27:00+00:00,76.8
Trea Turner,Trea Turner_2016 topps chrome psa 10,2022-04-16 22:47:43+00:00,55.0
Trea Turner,Trea Turner_2016 topps chrome psa 10,2022-05-08 23:16:00+00:00,46.8
Trea Turner,Trea Turner_2016 topps chrome psa 10,2022-06-03 20:26:08+00:00,78.0
Trea Turner,Trea Turner_2016 topps chrome psa 10,2022-08-14 23:19:00+00:00,62.4
Trea Turner,Trea Turner_2016 topps chrome psa 10,2022-12-05 14:51:16+00:00,50.0
Trea Turner,Trea Turner_2016 topps chrome psa 10,2023-11-16 12:55:19+00:00,20.0
Trea Turner,Trea Turner_2016 topps chrome psa 10,2024-04-18 22:33:52+00:00,36.6
Trea Turner,Trea Turner_2016 topps chrome psa 10,2024-04-18 22:48:22+00:00,40.26
Trea Turner,Trea Turner_2016 topps chrome psa 10,2024-06-20 16:00:00+00:00,28.24
Trea Turner,Trea Turner_2016 topps chrome psa 10,2024-06-23 16:00:00+00:00,43.01
Trea Turner,Trea Turner_2016 topps chrome psa 10,2025-05-21 16:00:00+00:00,58.5
Trea Turner,Trea Turner_2016 topps chrome psa 10,2025-09-14 23:11:00+00:00,24.0
Trea Turner,Trea Turner_2016 topps chrome psa 10,2025-12-31 15:00:00+00:00,45.03
Trea Turner,Trea Turner_2016 topps chrome psa 10,2026-01-07 15:00:00+00:00,29.26
Trea Turner,Trea Turner_2016 topps chrome psa 10,2026-01-25 15:00:00+00:00,34.11
Trea Turner,Trea Turner_2016 topps chrome psa 10,2026-02-18 16:49:00+00:00,30.0
Trea Turner,Trea Turner_2016 topps chrome psa 10,2026-02-19 19:34:07+00:00,32.0
Trea Turner,Trea Turner_2016 topps chrome psa 10,2026-02-20 12:31:51+00:00,35.0
Trea Turner,Trea Turner_2016 topps chrome psa 10,2026-04-07 20:15:00+00:00,36.0
Trevor Story,Trevor Story_2016 topps chrome psa 10,2019-10-20 21:41:38+00:00,20.0
Trevor Story,Trevor Story_2016 topps chrome psa 10,2022-05-01 23:21:00+00:00,24.0
Trevor Story,Trevor Story_2016 topps chrome psa 10,2022-05-08 23:16:00+00:00,18.0
Trevor Story,Trevor Story_2016 topps chrome psa 10,2022-05-22 23:17:00+00:00,25.2
Trevor Story,Trevor Story_2016 topps chrome psa 10,2022-05-28 14:13:36+00:00,60.0
Trevor Story,Trevor Story_2016 topps chrome psa 10,2022-07-10 23:21:00+00:00,16.8
Trevor Story,Trevor Story_2016 topps chrome psa 10,2023-04-16 23:23:00+00:00,13.2
Trevor Story,Trevor Story_2016 topps chrome psa 10,2025-09-22 04:58:41+00:00,19.0
Trevor Story,Trevor Story_2016 topps chrome psa 10,2025-09-24 06:13:11+00:00,19.0
Vladimir Guerrero Jr,Vladimir Guerrero Jr_2019 topps chrome psa 10,2020-11-15 23:14:54+00:00,44.0
Vladimir Guerrero Jr,Vladimir Guerrero Jr_2019 topps chrome psa 10,2020-11-29 23:50:52+00:00,46.0
Vladimir Guerrero Jr,Vladimir Guerrero Jr_2019 topps chrome psa 10,2020-12-15 23:32:02+00:00,76.0
Vladimir Guerrero Jr,Vladimir Guerrero Jr_2019 topps chrome psa 10,2020-12-15 23:32:12+00:00,79.89
Vladimir Guerrero Jr,Vladimir Guerrero Jr_2019 topps chrome psa 10,2020-12-15 23:32:21+00:00,75.0
Vladimir Guerrero Jr,Vladimir Guerrero Jr_2019 topps chrome psa 10,2020-12-29 23:51:51+00:00,76.58
Vladimir Guerrero Jr,Vladimir Guerrero Jr_2019 topps chrome psa 10,2020-12-29 23:51:56+00:00,53.05
Vladimir Guerrero Jr,Vladimir Guerrero Jr_2019 topps chrome psa 10,2020-12-29 23:52:11+00:00,56.4
Vladimir Guerrero Jr,Vladimir Guerrero Jr_2019 topps chrome psa 10,2021-02-16 23:20:45+00:00,152.5
Vladimir Guerrero Jr,Vladimir Guerrero Jr_2019 topps chrome psa 10,2021-02-16 23:20:51+00:00,165.0
Vladimir Guerrero Jr,Vladimir Guerrero Jr_2019 topps chrome psa 10,2021-02-16 23:20:57+00:00,152.5
Vladimir Guerrero Jr,Vladimir Guerrero Jr_2019 topps chrome psa 10,2021-02-16 23:21:03+00:00,152.5
Vladimir Guerrero Jr,Vladimir Guerrero Jr_2019 topps chrome psa 10,2021-02-16 23:21:09+00:00,152.5
Vladimir Guerrero Jr,Vladimir Guerrero Jr_2019 topps chrome psa 10,2021-02-16 23:21:15+00:00,152.5
Vladimir Guerrero Jr,Vladimir Guerrero Jr_2019 topps chrome psa 10,2021-02-16 23:21:21+00:00,167.5
Vladimir Guerrero Jr,Vladimir Guerrero Jr_2019 topps chrome psa 10,2021-02-16 23:21:26+00:00,157.5
Vladimir Guerrero Jr,Vladimir Guerrero Jr_2019 topps chrome psa 10,2021-02-25 23:51:01+00:00,151.0
Vladimir Guerrero Jr,Vladimir Guerrero Jr_2019 topps chrome psa 10,2021-02-25 23:51:04+00:00,152.5
Vladimir Guerrero Jr,Vladimir Guerrero Jr_2019 topps chrome psa 10,2021-02-25 23:51:08+00:00,150.0
Vladimir Guerrero Jr,Vladimir Guerrero Jr_2019 topps chrome psa 10,2021-02-25 23:51:11+00:00,149.5
Vladimir Guerrero Jr,Vladimir Guerrero Jr_2019 topps chrome psa 10,2021-02-25 23:51:14+00:00,149.5
Vladimir Guerrero Jr,Vladimir Guerrero Jr_2019 topps chrome psa 10,2021-02-25 23:51:17+00:00,145.5
Vladimir Guerrero Jr,Vladimir Guerrero Jr_2019 topps chrome psa 10,2021-02-25 23:51:21+00:00,150.0
Vladimir Guerrero Jr,Vladimir Guerrero Jr_2019 topps chrome psa 10,2021-02-25 23:51:24+00:00,150.0
Vladimir Guerrero Jr,Vladimir Guerrero Jr_2019 topps chrome psa 10,2021-03-18 22:50:20+00:00,152.5
Vladimir Guerrero Jr,Vladimir Guerrero Jr_2019 topps chrome psa 10,2021-03-18 22:50:27+00:00,162.5
Vladimir Guerrero Jr,Vladimir Guerrero Jr_2019 topps chrome psa 10,2021-03-18 22:50:35+00:00,152.54
Vladimir Guerrero Jr,Vladimir Guerrero Jr_2019 topps chrome psa 10,2021-03-18 22:50:43+00:00,151.0
Vladimir Guerrero Jr,Vladimir Guerrero Jr_2019 topps chrome psa 10,2021-03-18 22:50:51+00:00,147.5
Vladimir Guerrero Jr,Vladimir Guerrero Jr_2019 topps chrome psa 10,2021-03-18 22:50:58+00:00,150.16
Vladimir Guerrero Jr,Vladimir Guerrero Jr_2019 topps chrome psa 10,2021-03-30 21:44:27+00:00,160.5
Vladimir Guerrero Jr,Vladimir Guerrero Jr_2019 topps chrome psa 10,2021-03-30 21:44:29+00:00,152.5
Vladimir Guerrero Jr,Vladimir Guerrero Jr_2019 topps chrome psa 10,2021-03-30 21:44:30+00:00,152.5
Vladimir Guerrero Jr,Vladimir Guerrero Jr_2019 topps chrome psa 10,2021-03-30 21:44:32+00:00,162.5
Vladimir Guerrero Jr,Vladimir Guerrero Jr_2019 topps chrome psa 10,2021-03-30 21:44:33+00:00,150.5
Vladimir Guerrero Jr,Vladimir Guerrero Jr_2019 topps chrome psa 10,2021-03-30 21:44:35+00:00,157.5
Vladimir Guerrero Jr,Vladimir Guerrero Jr_2019 topps chrome psa 10,2021-03-30 21:44:36+00:00,165.0
Vladimir Guerrero Jr,Vladimir Guerrero Jr_2019 topps chrome psa 10,2021-03-30 21:44:38+00:00,152.5
Vladimir Guerrero Jr,Vladimir Guerrero Jr_2019 topps chrome psa 10,2021-04-17 23:20:31+00:00,211.0
Vladimir Guerrero Jr,Vladimir Guerrero Jr_2019 topps chrome psa 10,2021-04-17 23:20:36+00:00,193.5
Vladimir Guerrero Jr,Vladimir Guerrero Jr_2019 topps chrome psa 10,2021-04-17 23:20:41+00:00,200.0
Vladimir Guerrero Jr,Vladimir Guerrero Jr_2019 topps chrome psa 10,2021-04-17 23:20:47+00:00,202.5
Vladimir Guerrero Jr,Vladimir Guerrero Jr_2019 topps chrome psa 10,2021-04-17 23:20:52+00:00,192.5
Vladimir Guerrero Jr,Vladimir Guerrero Jr_2019 topps chrome psa 10,2021-04-29 21:46:11+00:00,212.5
Vladimir Guerrero Jr,Vladimir Guerrero Jr_2019 topps chrome psa 10,2021-04-29 21:46:14+00:00,202.0
Vladimir Guerrero Jr,Vladimir Guerrero Jr_2019 topps chrome psa 10,2021-04-29 21:46:17+00:00,191.5
Vladimir Guerrero Jr,Vladimir Guerrero Jr_2019 topps chrome psa 10,2021-04-29 21:46:19+00:00,206.0
Vladimir Guerrero Jr,Vladimir Guerrero Jr_2019 topps chrome psa 10,2021-04-29 21:46:22+00:00,186.77
Vladimir Guerrero Jr,Vladimir Guerrero Jr_2019 topps chrome psa 10,2021-04-29 21:46:25+00:00,199.5
Vladimir Guerrero Jr,Vladimir Guerrero Jr_2019 topps chrome psa 10,2021-05-19 23:36:49+00:00,147.5
Vladimir Guerrero Jr,Vladimir Guerrero Jr_2019 topps chrome psa 10,2021-05-19 23:36:53+00:00,147.5
Vladimir Guerrero Jr,Vladimir Guerrero Jr_2019 topps chrome psa 10,2021-05-19 23:36:56+00:00,147.5
Vladimir Guerrero Jr,Vladimir Guerrero Jr_2019 topps chrome psa 10,2021-05-19 23:37:03+00:00,147.5
Vladimir Guerrero Jr,Vladimir Guerrero Jr_2019 topps chrome psa 10,2021-05-19 23:37:04+00:00,164.0
Vladimir Guerrero Jr,Vladimir Guerrero Jr_2019 topps chrome psa 10,2021-05-25 22:31:56+00:00,199.0
Vladimir Guerrero Jr,Vladimir Guerrero Jr_2019 topps chrome psa 10,2021-05-31 21:46:42+00:00,178.5
Vladimir Guerrero Jr,Vladimir Guerrero Jr_2019 topps chrome psa 10,2021-05-31 21:46:43+00:00,172.5
Vladimir Guerrero Jr,Vladimir Guerrero Jr_2019 topps chrome psa 10,2021-06-05 16:01:47+00:00,209.0
Vladimir Guerrero Jr,Vladimir Guerrero Jr_2019 topps chrome psa 10,2021-06-18 22:43:23+00:00,232.5
Vladimir Guerrero Jr,Vladimir Guerrero Jr_2019 topps chrome psa 10,2021-06-30 21:43:09+00:00,255.0
Vladimir Guerrero Jr,Vladimir Guerrero Jr_2019 topps chrome psa 10,2021-07-31 22:39:55+00:00,206.21
Vladimir Guerrero Jr,Vladimir Guerrero Jr_2019 topps chrome psa 10,2021-10-24 23:17:00+00:00,120.0
Vladimir Guerrero Jr,Vladimir Guerrero Jr_2019 topps chrome psa 10,2021-10-29 23:15:00+00:00,160.0
Vladimir Guerrero Jr,Vladimir Guerrero Jr_2019 topps chrome psa 10,2021-10-29 23:15:00+00:00,150.0
Vladimir Guerrero Jr,Vladimir Guerrero Jr_2019 topps chrome psa 10,2021-12-03 01:25:16+00:00,210.0
Vladimir Guerrero Jr,Vladimir Guerrero Jr_2019 topps chrome psa 10,2021-12-12 23:08:00+00:00,165.0
Vladimir Guerrero Jr,Vladimir Guerrero Jr_2019 topps chrome psa 10,2022-01-30 23:24:00+00:00,228.0
Vladimir Guerrero Jr,Vladimir Guerrero Jr_2019 topps chrome psa 10,2022-02-10 20:29:27+00:00,160.0
Vladimir Guerrero Jr,Vladimir Guerrero Jr_2019 topps chrome psa 10,2022-02-10 20:29:33+00:00,155.0
Vladimir Guerrero Jr,Vladimir Guerrero Jr_2019 topps chrome psa 10,2022-02-20 23:20:00+00:00,198.0
Vladimir Guerrero Jr,Vladimir Guerrero Jr_2019 topps chrome psa 10,2022-02-27 22:50:00+00:00,216.0
Vladimir Guerrero Jr,Vladimir Guerrero Jr_2019 topps chrome psa 10,2022-02-27 22:50:00+00:00,210.0
Vladimir Guerrero Jr,Vladimir Guerrero Jr_2019 topps chrome psa 10,2022-03-06 23:20:00+00:00,192.0
Vladimir Guerrero Jr,Vladimir Guerrero Jr_2019 topps chrome psa 10,2022-03-06 23:20:00+00:00,186.0
Vladimir Guerrero Jr,Vladimir Guerrero Jr_2019 topps chrome psa 10,2022-03-13 23:24:00+00:00,180.0
Vladimir Guerrero Jr,Vladimir Guerrero Jr_2019 topps chrome psa 10,2022-03-20 23:27:00+00:00,156.0
Vladimir Guerrero Jr,Vladimir Guerrero Jr_2019 topps chrome psa 10,2022-03-23 16:00:00+00:00,351.2
Vladimir Guerrero Jr,Vladimir Guerrero Jr_2019 topps chrome psa 10,2022-03-27 23:26:00+00:00,156.0
Vladimir Guerrero Jr,Vladimir Guerrero Jr_2019 topps chrome psa 10,2022-04-10 23:13:00+00:00,150.0
Vladimir Guerrero Jr,Vladimir Guerrero Jr_2019 topps chrome psa 10,2022-04-15 23:42:39+00:00,225.0
Vladimir Guerrero Jr,Vladimir Guerrero Jr_2019 topps chrome psa 10,2022-04-17 23:19:00+00:00,222.0
Vladimir Guerrero Jr,Vladimir Guerrero Jr_2019 topps chrome psa 10,2022-04-24 23:22:00+00:00,210.0
Vladimir Guerrero Jr,Vladimir Guerrero Jr_2019 topps chrome psa 10,2022-04-24 23:22:00+00:00,204.0
Vladimir Guerrero Jr,Vladimir Guerrero Jr_2019 topps chrome psa 10,2022-05-01 23:21:00+00:00,180.0
Vladimir Guerrero Jr,Vladimir Guerrero Jr_2019 topps chrome psa 10,2022-05-08 23:16:00+00:00,180.0
Vladimir Guerrero Jr,Vladimir Guerrero Jr_2019 topps chrome psa 10,2022-05-15 23:15:00+00:00,204.0
Vladimir Guerrero Jr,Vladimir Guerrero Jr_2019 topps chrome psa 10,2022-05-29 23:18:00+00:00,108.0
Vladimir Guerrero Jr,Vladimir Guerrero Jr_2019 topps chrome psa 10,2022-05-29 23:18:00+00:00,117.6
Vladimir Guerrero Jr,Vladimir Guerrero Jr_2019 topps chrome psa 10,2022-05-29 23:18:00+00:00,100.8
Vladimir Guerrero Jr,Vladimir Guerrero Jr_2019 topps chrome psa 10,2022-05-29 23:18:00+00:00,105.6
Vladimir Guerrero Jr,Vladimir Guerrero Jr_2019 topps chrome psa 10,2022-06-05 23:29:00+00:00,138.0
Vladimir Guerrero Jr,Vladimir Guerrero Jr_2019 topps chrome psa 10,2022-06-05 23:29:00+00:00,126.0
Vladimir Guerrero Jr,Vladimir Guerrero Jr_2019 topps chrome psa 10,2022-06-05 23:29:00+00:00,103.2
Vladimir Guerrero Jr,Vladimir Guerrero Jr_2019 topps chrome psa 10,2022-06-05 23:29:00+00:00,132.0
Vladimir Guerrero Jr,Vladimir Guerrero Jr_2019 topps chrome psa 10,2022-06-12 23:25:00+00:00,105.6
Vladimir Guerrero Jr,Vladimir Guerrero Jr_2019 topps chrome psa 10,2022-06-12 23:25:00+00:00,112.8
Vladimir Guerrero Jr,Vladimir Guerrero Jr_2019 topps chrome psa 10,2022-06-19 23:17:00+00:00,110.4
Vladimir Guerrero Jr,Vladimir Guerrero Jr_2019 topps chrome psa 10,2022-06-19 23:17:00+00:00,108.0
Vladimir Guerrero Jr,Vladimir Guerrero Jr_2019 topps chrome psa 10,2022-06-26 23:21:00+00:00,110.4
Vladimir Guerrero Jr,Vladimir Guerrero Jr_2019 topps chrome psa 10,2022-07-03 23:15:00+00:00,103.2
Vladimir Guerrero Jr,Vladimir Guerrero Jr_2019 topps chrome psa 10,2022-07-03 23:15:00+00:00,100.8
Vladimir Guerrero Jr,Vladimir Guerrero Jr_2019 topps chrome psa 10,2022-07-10 23:21:00+00:00,100.8
Vladimir Guerrero Jr,Vladimir Guerrero Jr_2019 topps chrome psa 10,2022-07-10 23:21:00+00:00,112.8
Vladimir Guerrero Jr,Vladimir Guerrero Jr_2019 topps chrome psa 10,2022-07-24 23:19:00+00:00,86.4
Vladimir Guerrero Jr,Vladimir Guerrero Jr_2019 topps chrome psa 10,2022-07-24 23:19:00+00:00,81.6
Vladimir Guerrero Jr,Vladimir Guerrero Jr_2019 topps chrome psa 10,2022-07-31 23:16:00+00:00,51.6
Vladimir Guerrero Jr,Vladimir Guerrero Jr_2019 topps chrome psa 10,2022-07-31 23:16:00+00:00,50.4
Vladimir Guerrero Jr,Vladimir Guerrero Jr_2019 topps chrome psa 10,2022-08-07 23:20:00+00:00,100.8
Vladimir Guerrero Jr,Vladimir Guerrero Jr_2019 topps chrome psa 10,2022-08-14 23:19:00+00:00,67.2
Vladimir Guerrero Jr,Vladimir Guerrero Jr_2019 topps chrome psa 10,2022-08-14 23:19:00+00:00,69.6
Vladimir Guerrero Jr,Vladimir Guerrero Jr_2019 topps chrome psa 10,2022-08-14 23:19:00+00:00,72.0
Vladimir Guerrero Jr,Vladimir Guerrero Jr_2019 topps chrome psa 10,2022-08-21 23:20:00+00:00,79.2
Vladimir Guerrero Jr,Vladimir Guerrero Jr_2019 topps chrome psa 10,2022-08-21 23:20:00+00:00,81.6
Vladimir Guerrero Jr,Vladimir Guerrero Jr_2019 topps chrome psa 10,2022-08-21 23:20:00+00:00,76.8
Vladimir Guerrero Jr,Vladimir Guerrero Jr_2019 topps chrome psa 10,2022-08-28 23:13:00+00:00,67.2
Vladimir Guerrero Jr,Vladimir Guerrero Jr_2019 topps chrome psa 10,2022-08-28 23:13:00+00:00,64.8
Vladimir Guerrero Jr,Vladimir Guerrero Jr_2019 topps chrome psa 10,2022-08-28 23:13:00+00:00,69.6
Vladimir Guerrero Jr,Vladimir Guerrero Jr_2019 topps chrome psa 10,2022-09-04 23:33:00+00:00,56.4
Vladimir Guerrero Jr,Vladimir Guerrero Jr_2019 topps chrome psa 10,2022-09-18 23:21:00+00:00,62.4
Vladimir Guerrero Jr,Vladimir Guerrero Jr_2019 topps chrome psa 10,2022-09-18 23:21:00+00:00,64.8
Vladimir Guerrero Jr,Vladimir Guerrero Jr_2019 topps chrome psa 10,2022-09-25 23:19:00+00:00,56.4
Vladimir Guerrero Jr,Vladimir Guerrero Jr_2019 topps chrome psa 10,2022-09-25 23:19:00+00:00,54.0
Vladimir Guerrero Jr,Vladimir Guerrero Jr_2019 topps chrome psa 10,2022-09-25 23:19:00+00:00,52.8
Vladimir Guerrero Jr,Vladimir Guerrero Jr_2019 topps chrome psa 10,2022-10-02 23:17:00+00:00,64.8
Vladimir Guerrero Jr,Vladimir Guerrero Jr_2019 topps chrome psa 10,2022-10-02 23:17:00+00:00,69.6
Vladimir Guerrero Jr,Vladimir Guerrero Jr_2019 topps chrome psa 10,2022-10-08 16:00:00+00:00,45.03
Vladimir Guerrero Jr,Vladimir Guerrero Jr_2019 topps chrome psa 10,2022-10-09 23:25:00+00:00,60.0
Vladimir Guerrero Jr,Vladimir Guerrero Jr_2019 topps chrome psa 10,2022-10-09 23:25:00+00:00,64.8
Vladimir Guerrero Jr,Vladimir Guerrero Jr_2019 topps chrome psa 10,2022-10-16 23:22:00+00:00,43.2
Vladimir Guerrero Jr,Vladimir Guerrero Jr_2019 topps chrome psa 10,2022-10-16 23:22:00+00:00,55.2
Vladimir Guerrero Jr,Vladimir Guerrero Jr_2019 topps chrome psa 10,2022-10-23 23:24:00+00:00,48.0
Vladimir Guerrero Jr,Vladimir Guerrero Jr_2019 topps chrome psa 10,2022-10-23 23:24:00+00:00,46.8
Vladimir Guerrero Jr,Vladimir Guerrero Jr_2019 topps chrome psa 10,2022-11-06 23:25:00+00:00,44.4
Vladimir Guerrero Jr,Vladimir Guerrero Jr_2019 topps chrome psa 10,2023-01-01 23:19:00+00:00,46.8
Vladimir Guerrero Jr,Vladimir Guerrero Jr_2019 topps chrome psa 10,2023-01-08 23:14:00+00:00,55.2
Vladimir Guerrero Jr,Vladimir Guerrero Jr_2019 topps chrome psa 10,2023-01-08 23:14:00+00:00,57.6
Vladimir Guerrero Jr,Vladimir Guerrero Jr_2019 topps chrome psa 10,2023-02-26 23:29:00+00:00,64.8
Vladimir Guerrero Jr,Vladimir Guerrero Jr_2019 topps chrome psa 10,2023-03-02 15:00:00+00:00,40.53
Vladimir Guerrero Jr,Vladimir Guerrero Jr_2019 topps chrome psa 10,2023-03-12 23:18:00+00:00,38.4
Vladimir Guerrero Jr,Vladimir Guerrero Jr_2019 topps chrome psa 10,2023-04-09 23:31:00+00:00,54.0
Vladimir Guerrero Jr,Vladimir Guerrero Jr_2019 topps chrome psa 10,2023-04-09 23:31:00+00:00,55.2
Vladimir Guerrero Jr,Vladimir Guerrero Jr_2019 topps chrome psa 10,2023-04-16 23:23:00+00:00,49.2
Vladimir Guerrero Jr,Vladimir Guerrero Jr_2019 topps chrome psa 10,2023-04-20 16:00:00+00:00,31.02
Vladimir Guerrero Jr,Vladimir Guerrero Jr_2019 topps chrome psa 10,2023-04-23 23:14:00+00:00,64.8
Vladimir Guerrero Jr,Vladimir Guerrero Jr_2019 topps chrome psa 10,2023-05-24 20:00:00+00:00,37.2
Vladimir Guerrero Jr,Vladimir Guerrero Jr_2019 topps chrome psa 10,2023-05-24 20:00:00+00:00,25.2
Vladimir Guerrero Jr,Vladimir Guerrero Jr_2019 topps chrome psa 10,2023-05-28 23:12:00+00:00,36.0
Vladimir Guerrero Jr,Vladimir Guerrero Jr_2019 topps chrome psa 10,2023-06-11 23:16:00+00:00,39.6
Vladimir Guerrero Jr,Vladimir Guerrero Jr_2019 topps chrome psa 10,2023-06-16 14:40:00+00:00,76.05
Vladimir Guerrero Jr,Vladimir Guerrero Jr_2019 topps chrome psa 10,2023-06-25 16:00:00+00:00,79.85
Vladimir Guerrero Jr,Vladimir Guerrero Jr_2019 topps chrome psa 10,2023-07-09 23:19:00+00:00,31.2
Vladimir Guerrero Jr,Vladimir Guerrero Jr_2019 topps chrome psa 10,2023-07-16 23:10:00+00:00,40.8
Vladimir Guerrero Jr,Vladimir Guerrero Jr_2019 topps chrome psa 10,2023-07-23 23:16:00+00:00,34.8
Vladimir Guerrero Jr,Vladimir Guerrero Jr_2019 topps chrome psa 10,2023-08-07 14:50:00+00:00,55.28
Vladimir Guerrero Jr,Vladimir Guerrero Jr_2019 topps chrome psa 10,2023-08-20 23:21:00+00:00,33.6
Vladimir Guerrero Jr,Vladimir Guerrero Jr_2019 topps chrome psa 10,2023-08-27 23:22:00+00:00,46.8
Vladimir Guerrero Jr,Vladimir Guerrero Jr_2019 topps chrome psa 10,2023-08-27 23:22:00+00:00,49.2
Vladimir Guerrero Jr,Vladimir Guerrero Jr_2019 topps chrome psa 10,2023-09-06 20:00:00+00:00,31.2
Vladimir Guerrero Jr,Vladimir Guerrero Jr_2019 topps chrome psa 10,2023-09-10 23:19:00+00:00,31.2
Vladimir Guerrero Jr,Vladimir Guerrero Jr_2019 topps chrome psa 10,2023-09-17 23:17:00+00:00,31.2
Vladimir Guerrero Jr,Vladimir Guerrero Jr_2019 topps chrome psa 10,2023-09-24 23:25:00+00:00,30.0
Vladimir Guerrero Jr,Vladimir Guerrero Jr_2019 topps chrome psa 10,2023-09-24 23:25:00+00:00,31.2
Vladimir Guerrero Jr,Vladimir Guerrero Jr_2019 topps chrome psa 10,2023-09-26 15:00:00+00:00,61.43
Vladimir Guerrero Jr,Vladimir Guerrero Jr_2019 topps chrome psa 10,2023-10-01 23:13:00+00:00,28.8
Vladimir Guerrero Jr,Vladimir Guerrero Jr_2019 topps chrome psa 10,2023-10-01 23:13:00+00:00,20.4
Vladimir Guerrero Jr,Vladimir Guerrero Jr_2019 topps chrome psa 10,2023-10-01 23:13:00+00:00,26.4
Vladimir Guerrero Jr,Vladimir Guerrero Jr_2019 topps chrome psa 10,2023-10-08 23:14:00+00:00,28.8
Vladimir Guerrero Jr,Vladimir Guerrero Jr_2019 topps chrome psa 10,2023-10-08 23:14:00+00:00,30.0
Vladimir Guerrero Jr,Vladimir Guerrero Jr_2019 topps chrome psa 10,2023-10-15 23:21:00+00:00,30.0
Vladimir Guerrero Jr,Vladimir Guerrero Jr_2019 topps chrome psa 10,2023-10-17 16:30:00+00:00,56.9
Vladimir Guerrero Jr,Vladimir Guerrero Jr_2019 topps chrome psa 10,2023-10-22 23:17:00+00:00,26.4
Vladimir Guerrero Jr,Vladimir Guerrero Jr_2019 topps chrome psa 10,2023-10-27 14:50:00+00:00,31.26
Vladimir Guerrero Jr,Vladimir Guerrero Jr_2019 topps chrome psa 10,2023-10-29 23:18:00+00:00,32.4
Vladimir Guerrero Jr,Vladimir Guerrero Jr_2019 topps chrome psa 10,2024-01-03 16:31:03+00:00,21.0
Vladimir Guerrero Jr,Vladimir Guerrero Jr_2019 topps chrome psa 10,2024-01-24 19:00:00+00:00,31.72
Vladimir Guerrero Jr,Vladimir Guerrero Jr_2019 topps chrome psa 10,2024-02-11 23:10:00+00:00,27.6
Vladimir Guerrero Jr,Vladimir Guerrero Jr_2019 topps chrome psa 10,2024-02-18 23:32:00+00:00,27.6
Vladimir Guerrero Jr,Vladimir Guerrero Jr_2019 topps chrome psa 10,2024-04-07 23:15:00+00:00,26.4
Vladimir Guerrero Jr,Vladimir Guerrero Jr_2019 topps chrome psa 10,2024-04-07 23:15:00+00:00,30.0
Vladimir Guerrero Jr,Vladimir Guerrero Jr_2019 topps chrome psa 10,2024-05-02 22:15:19+00:00,26.84
Vladimir Guerrero Jr,Vladimir Guerrero Jr_2019 topps chrome psa 10,2024-05-05 23:18:00+00:00,21.6
Vladimir Guerrero Jr,Vladimir Guerrero Jr_2019 topps chrome psa 10,2024-05-12 23:22:00+00:00,15.6
Vladimir Guerrero Jr,Vladimir Guerrero Jr_2019 topps chrome psa 10,2024-05-26 23:20:00+00:00,18.0
Vladimir Guerrero Jr,Vladimir Guerrero Jr_2019 topps chrome psa 10,2024-06-02 23:17:00+00:00,18.0
Vladimir Guerrero Jr,Vladimir Guerrero Jr_2019 topps chrome psa 10,2024-06-09 23:23:00+00:00,15.6
Vladimir Guerrero Jr,Vladimir Guerrero Jr_2019 topps chrome psa 10,2024-06-20 14:10:00+00:00,56.51
Vladimir Guerrero Jr,Vladimir Guerrero Jr_2019 topps chrome psa 10,2024-06-20 16:00:00+00:00,27.03
Vladimir Guerrero Jr,Vladimir Guerrero Jr_2019 topps chrome psa 10,2024-06-22 10:10:00+00:00,87.75
Vladimir Guerrero Jr,Vladimir Guerrero Jr_2019 topps chrome psa 10,2024-06-23 23:22:00+00:00,19.2
Vladimir Guerrero Jr,Vladimir Guerrero Jr_2019 topps chrome psa 10,2024-06-30 16:20:00+00:00,32.25
Vladimir Guerrero Jr,Vladimir Guerrero Jr_2019 topps chrome psa 10,2024-08-01 22:27:16+00:00,56.12
Vladimir Guerrero Jr,Vladimir Guerrero Jr_2019 topps chrome psa 10,2024-10-02 12:40:57+00:00,85.9
Vladimir Guerrero Jr,Vladimir Guerrero Jr_2019 topps chrome psa 10,2024-11-24 23:02:00+00:00,33.6
Vladimir Guerrero Jr,Vladimir Guerrero Jr_2019 topps chrome psa 10,2024-12-22 23:27:00+00:00,26.4
Vladimir Guerrero Jr,Vladimir Guerrero Jr_2019 topps chrome psa 10,2025-01-05 23:11:00+00:00,26.4
Vladimir Guerrero Jr,Vladimir Guerrero Jr_2019 topps chrome psa 10,2025-01-12 12:41:33+00:00,47.0
Vladimir Guerrero Jr,Vladimir Guerrero Jr_2019 topps chrome psa 10,2025-01-22 15:00:00+00:00,87.75
Vladimir Guerrero Jr,Vladimir Guerrero Jr_2019 topps chrome psa 10,2025-02-27 12:01:57+00:00,40.0
Vladimir Guerrero Jr,Vladimir Guerrero Jr_2019 topps chrome psa 10,2025-03-13 16:57:38+00:00,50.0
Vladimir Guerrero Jr,Vladimir Guerrero Jr_2019 topps chrome psa 10,2025-04-20 23:20:00+00:00,22.8
Vladimir Guerrero Jr,Vladimir Guerrero Jr_2019 topps chrome psa 10,2025-05-11 23:14:00+00:00,25.2
Vladimir Guerrero Jr,Vladimir Guerrero Jr_2019 topps chrome psa 10,2025-05-16 08:11:59+00:00,40.0
Vladimir Guerrero Jr,Vladimir Guerrero Jr_2019 topps chrome psa 10,2025-06-08 23:19:00+00:00,31.2
Vladimir Guerrero Jr,Vladimir Guerrero Jr_2019 topps chrome psa 10,2025-06-30 23:55:59+00:00,27.0
Vladimir Guerrero Jr,Vladimir Guerrero Jr_2019 topps chrome psa 10,2025-07-07 10:50:07+00:00,40.0
Vladimir Guerrero Jr,Vladimir Guerrero Jr_2019 topps chrome psa 10,2025-07-27 23:19:00+00:00,31.2
Vladimir Guerrero Jr,Vladimir Guerrero Jr_2019 topps chrome psa 10,2025-08-15 13:11:28+00:00,41.77
Vladimir Guerrero Jr,Vladimir Guerrero Jr_2019 topps chrome psa 10,2025-09-07 23:30:00+00:00,28.8
Vladimir Guerrero Jr,Vladimir Guerrero Jr_2019 topps chrome psa 10,2025-09-17 15:48:33+00:00,29.0
Vladimir Guerrero Jr,Vladimir Guerrero Jr_2019 topps chrome psa 10,2025-10-02 11:58:08+00:00,70.02
Vladimir Guerrero Jr,Vladimir Guerrero Jr_2019 topps chrome psa 10,2025-10-10 21:06:48+00:00,37.0
Vladimir Guerrero Jr,Vladimir Guerrero Jr_2019 topps chrome psa 10,2025-10-22 16:00:00+00:00,58.5
Vladimir Guerrero Jr,Vladimir Guerrero Jr_2019 topps chrome psa 10,2025-10-26 23:21:00+00:00,38.4
Vladimir Guerrero Jr,Vladimir Guerrero Jr_2019 topps chrome psa 10,2025-11-09 14:37:13+00:00,94.16
Vladimir Guerrero Jr,Vladimir Guerrero Jr_2019 topps chrome psa 10,2025-12-06 06:58:10+00:00,63.04
Vladimir Guerrero Jr,Vladimir Guerrero Jr_2019 topps chrome psa 10,2026-02-03 14:25:21+00:00,83.81
Vladimir Guerrero Jr,Vladimir Guerrero Jr_2019 topps chrome psa 10,2026-02-17 16:17:19+00:00,29.48
Vladimir Guerrero Jr,Vladimir Guerrero Jr_2019 topps chrome psa 10,2026-02-18 15:30:00+00:00,38.0
Vladimir Guerrero Jr,Vladimir Guerrero Jr_2019 topps chrome psa 10,2026-04-03 10:49:02+00:00,55.0
Vladimir Guerrero Jr,Vladimir Guerrero Jr_2019 topps chrome psa 10,2026-04-04 14:08:22+00:00,50.0
Vladimir Guerrero Jr,Vladimir Guerrero Jr_2019 topps chrome psa 10,2026-04-05 02:07:05+00:00,59.99
Vladimir Guerrero Jr,Vladimir Guerrero Jr_2019 topps chrome psa 10,2026-04-07 21:34:31+00:00,59.99
Vladimir Guerrero Jr,Vladimir Guerrero Jr_2019 topps chrome psa 10,2026-04-10 11:36:52+00:00,43.0
Vladimir Guerrero Jr,Vladimir Guerrero Jr_2019 topps chrome psa 10,2026-04-11 11:39:05+00:00,48.0
Vladimir Guerrero Jr,Vladimir Guerrero Jr_2019 topps chrome psa 10,2026-04-11 17:55:35+00:00,40.0
Vladimir Guerrero Jr,Vladimir Guerrero Jr_2019 topps chrome psa 10,2026-04-12 21:07:48+00:00,40.0
Vladimir Guerrero Jr,Vladimir Guerrero Jr_2019 topps chrome psa 10,2026-04-12 21:30:00+00:00,45.5
Vladimir Guerrero Jr,Vladimir Guerrero Jr_2019 topps chrome psa 10,2026-04-13 10:22:05+00:00,44.99
Vladimir Guerrero Jr,Vladimir Guerrero Jr_2019 topps chrome psa 10,2026-04-14 08:03:52+00:00,59.99
Vladimir Guerrero Jr,Vladimir Guerrero Jr_2019 topps chrome psa 10,2026-05-28 10:27:24+00:00,35.1
Vladimir Guerrero Jr,Vladimir Guerrero Jr_2019 topps chrome psa 10,2026-06-08 16:17:31+00:00,58.3
Vladimir Guerrero Jr,Vladimir Guerrero Jr_2019 topps chrome psa 10,2026-06-10 16:00:00+00:00,111.15
Vladimir Guerrero Jr,Vladimir Guerrero Jr_2019 topps chrome psa 10,2026-05-15 00:00:00+00:00,42.99
Vladimir Guerrero Jr,Vladimir Guerrero Jr_2019 topps chrome psa 10,2026-05-16 00:00:00+00:00,72.0
Vladimir Guerrero Jr,Vladimir Guerrero Jr_2019 topps chrome psa 10,2026-05-16 00:00:00+00:00,94.92
Vladimir Guerrero Jr,Vladimir Guerrero Jr_2019 topps chrome psa 10,2026-05-22 00:00:00+00:00,45.83
Vladimir Guerrero Jr,Vladimir Guerrero Jr_2019 topps chrome psa 10,2026-05-27 00:00:00+00:00,52.5
Vladimir Guerrero Jr,Vladimir Guerrero Jr_2019 topps chrome psa 10,2026-06-02 00:00:00+00:00,53.0
Vladimir Guerrero Jr,Vladimir Guerrero Jr_2019 topps chrome psa 10,2026-06-03 00:00:00+00:00,65.28
Vladimir Guerrero Jr,Vladimir Guerrero Jr_2019 topps chrome psa 10,2026-06-11 00:00:00+00:00,37.5
Vladimir Guerrero Jr,Vladimir Guerrero Jr_2019 topps chrome psa 10,2026-06-11 00:00:00+00:00,46.28
Vladimir Guerrero Jr,Vladimir Guerrero Jr_2019 topps chrome psa 10,2026-06-14 00:00:00+00:00,33.99
Vladimir Guerrero Jr,Vladimir Guerrero Jr_2019 topps chrome psa 10,2026-06-25 00:00:00+00:00,85.11
Vladimir Guerrero Jr,Vladimir Guerrero Jr_2019 topps chrome psa 10,2026-06-25 00:00:00+00:00,83.67
Vladimir Guerrero Jr,Vladimir Guerrero Jr_2019 topps chrome psa 10,2026-07-11 00:00:00+00:00,45.0
Vladimir Guerrero Jr,Vladimir Guerrero Jr_2019 topps chrome psa 10,2026-07-22 00:00:00+00:00,74.5
Vladimir Guerrero Jr,Vladimir Guerrero Jr_2019 topps chrome psa 10,2026-08-03 00:00:00+00:00,68.72
Vladimir Guerrero Jr,Vladimir Guerrero Jr_2019 topps chrome psa 10,2026-08-06 00:00:00+00:00,42.99
Xander Bogaerts,Xander Bogaerts_2014 topps chrome psa 10,2016-04-19 23:51:01+00:00,11.5
Xander Bogaerts,Xander Bogaerts_2014 topps chrome psa 10,2016-05-16 23:19:21+00:00,33.75
Xander Bogaerts,Xander Bogaerts_2014 topps chrome psa 10,2023-04-23 23:14:00+00:00,67.2
Xander Bogaerts,Xander Bogaerts_2014 topps chrome psa 10,2025-11-30 15:46:17+00:00,9.0
Yordan Alvarez,Yordan Alvarez_2020 topps chrome psa 10,2022-05-08 23:16:00+00:00,19.2
Yordan Alvarez,Yordan Alvarez_2020 topps chrome psa 10,2022-05-14 16:00:00+00:00,36.88
Yordan Alvarez,Yordan Alvarez_2020 topps chrome psa 10,2022-05-22 23:17:00+00:00,25.2
Yordan Alvarez,Yordan Alvarez_2020 topps chrome psa 10,2022-05-29 23:18:00+00:00,25.2
Yordan Alvarez,Yordan Alvarez_2020 topps chrome psa 10,2022-05-29 23:18:00+00:00,21.6
Yordan Alvarez,Yordan Alvarez_2020 topps chrome psa 10,2023-05-07 15:40:00+00:00,33.17
Yordan Alvarez,Yordan Alvarez_2020 topps chrome psa 10,2023-05-10 20:00:00+00:00,20.4
Yordan Alvarez,Yordan Alvarez_2020 topps chrome psa 10,2023-05-10 20:00:00+00:00,24.0
Yordan Alvarez,Yordan Alvarez_2020 topps chrome psa 10,2023-05-10 20:00:00+00:00,21.6
Yordan Alvarez,Yordan Alvarez_2020 topps chrome psa 10,2023-05-10 20:00:00+00:00,25.2
Yordan Alvarez,Yordan Alvarez_2020 topps chrome psa 10,2023-05-11 12:40:00+00:00,62.05
Yordan Alvarez,Yordan Alvarez_2020 topps chrome psa 10,2023-05-17 20:00:00+00:00,24.0
Yordan Alvarez,Yordan Alvarez_2020 topps chrome psa 10,2023-05-17 20:00:00+00:00,31.2
Yordan Alvarez,Yordan Alvarez_2020 topps chrome psa 10,2023-05-24 20:00:00+00:00,32.4
Yordan Alvarez,Yordan Alvarez_2020 topps chrome psa 10,2023-05-26 03:20:23+00:00,30.0
Yordan Alvarez,Yordan Alvarez_2020 topps chrome psa 10,2023-05-28 23:12:00+00:00,26.4
Yordan Alvarez,Yordan Alvarez_2020 topps chrome psa 10,2023-05-31 20:00:00+00:00,20.4
Yordan Alvarez,Yordan Alvarez_2020 topps chrome psa 10,2024-05-12 23:22:00+00:00,16.8
Yordan Alvarez,Yordan Alvarez_2020 topps chrome psa 10,2024-05-19 23:17:00+00:00,16.8
Yordan Alvarez,Yordan Alvarez_2020 topps chrome psa 10,2025-05-04 23:14:00+00:00,14.4
Yordan Alvarez,Yordan Alvarez_2020 topps chrome psa 10,2026-05-22 11:16:32+00:00,31.59
Yordan Alvarez,Yordan Alvarez_2020 topps chrome psa 10,2026-06-14 00:00:00+00:00,39.45
Yordan Alvarez,Yordan Alvarez_2020 topps chrome psa 10,2026-06-14 00:00:00+00:00,37.0
Yordan Alvarez,Yordan Alvarez_2020 topps chrome psa 10,2026-06-14 00:00:00+00:00,41.0
Yordan Alvarez,Yordan Alvarez_2020 topps chrome psa 10,2026-06-14 00:00:00+00:00,45.43
Yordan Alvarez,Yordan Alvarez_2020 topps chrome psa 10,2026-06-15 00:00:00+00:00,42.98
Yordan Alvarez,Yordan Alvarez_2020 topps chrome psa 10,2026-06-15 00:00:00+00:00,36.07
Yordan Alvarez,Yordan Alvarez_2020 topps chrome psa 10,2026-06-17 00:00:00+00:00,36.9
Yordan Alvarez,Yordan Alvarez_2020 topps chrome psa 10,2026-06-18 00:00:00+00:00,40.4
Yordan Alvarez,Yordan Alvarez_2020 topps chrome psa 10,2026-06-20 00:00:00+00:00,39.75
Yordan Alvarez,Yordan Alvarez_2020 topps chrome psa 10,2026-06-22 00:00:00+00:00,36.98
Yordan Alvarez,Yordan Alvarez_2020 topps chrome psa 10,2026-06-22 00:00:00+00:00,40.24
Yordan Alvarez,Yordan Alvarez_2020 topps chrome psa 10,2026-06-24 00:00:00+00:00,39.69
Yordan Alvarez,Yordan Alvarez_2020 topps chrome psa 10,2026-06-24 00:00:00+00:00,41.0
Yordan Alvarez,Yordan Alvarez_2020 topps chrome psa 10,2026-06-26 00:00:00+00:00,34.47
Yordan Alvarez,Yordan Alvarez_2020 topps chrome psa 10,2026-06-27 00:00:00+00:00,40.96
Yordan Alvarez,Yordan Alvarez_2020 topps chrome psa 10,2026-06-29 00:00:00+00:00,39.99
Yordan Alvarez,Yordan Alvarez_2020 topps chrome psa 10,2026-06-30 00:00:00+00:00,39.99
Yordan Alvarez,Yordan Alvarez_2020 topps chrome psa 10,2026-06-30 00:00:00+00:00,35.0
Yordan Alvarez,Yordan Alvarez_2020 topps chrome psa 10,2026-06-30 00:00:00+00:00,26.0
Yordan Alvarez,Yordan Alvarez_2020 topps chrome psa 10,2026-07-04 00:00:00+00:00,40.5
Yordan Alvarez,Yordan Alvarez_2020 topps chrome psa 10,2026-07-04 00:00:00+00:00,36.24
Yordan Alvarez,Yordan Alvarez_2020 topps chrome psa 10,2026-07-06 00:00:00+00:00,36.0
Yordan Alvarez,Yordan Alvarez_2020 topps chrome psa 10,2026-07-07 00:00:00+00:00,41.38
Yordan Alvarez,Yordan Alvarez_2020 topps chrome psa 10,2026-07-07 00:00:00+00:00,39.98
Yordan Alvarez,Yordan Alvarez_2020 topps chrome psa 10,2026-07-11 00:00:00+00:00,42.98
Yordan Alvarez,Yordan Alvarez_2020 topps chrome psa 10,2026-07-13 00:00:00+00:00,38.67
Yordan Alvarez,Yordan Alvarez_2020 topps chrome psa 10,2026-07-13 00:00:00+00:00,34.0
Yordan Alvarez,Yordan Alvarez_2020 topps chrome psa 10,2026-07-13 00:00:00+00:00,65.99
Yordan Alvarez,Yordan Alvarez_2020 topps chrome psa 10,2026-07-13 00:00:00+00:00,40.5
Yordan Alvarez,Yordan Alvarez_2020 topps chrome psa 10,2026-07-14 00:00:00+00:00,42.95
Yordan Alvarez,Yordan Alvarez_2020 topps chrome psa 10,2026-07-14 00:00:00+00:00,35.97
Yordan Alvarez,Yordan Alvarez_2020 topps chrome psa 10,2026-07-15 00:00:00+00:00,39.98
Yordan Alvarez,Yordan Alvarez_2020 topps chrome psa 10,2026-07-16 00:00:00+00:00,41.99
Yordan Alvarez,Yordan Alvarez_2020 topps chrome psa 10,2026-07-19 00:00:00+00:00,43.98
Yordan Alvarez,Yordan Alvarez_2020 topps chrome psa 10,2026-07-21 00:00:00+00:00,35.61
Yordan Alvarez,Yordan Alvarez_2020 topps chrome psa 10,2026-07-22 00:00:00+00:00,46.59
Yordan Alvarez,Yordan Alvarez_2020 topps chrome psa 10,2026-07-22 00:00:00+00:00,45.98
Yordan Alvarez,Yordan Alvarez_2020 topps chrome psa 10,2026-07-22 00:00:00+00:00,56.97
Yordan Alvarez,Yordan Alvarez_2020 topps chrome psa 10,2026-07-22 00:00:00+00:00,41.8
Yordan Alvarez,Yordan Alvarez_2020 topps chrome psa 10,2026-07-23 00:00:00+00:00,45.98
Yordan Alvarez,Yordan Alvarez_2020 topps chrome psa 10,2026-07-23 00:00:00+00:00,44.98
Yordan Alvarez,Yordan Alvarez_2020 topps chrome psa 10,2026-07-24 00:00:00+00:00,45.47
Yordan Alvarez,Yordan Alvarez_2020 topps chrome psa 10,2026-07-24 00:00:00+00:00,59.99
Yordan Alvarez,Yordan Alvarez_2020 topps chrome psa 10,2026-07-26 00:00:00+00:00,44.0
Yordan Alvarez,Yordan Alvarez_2020 topps chrome psa 10,2026-07-26 00:00:00+00:00,44.49
Yordan Alvarez,Yordan Alvarez_2020 topps chrome psa 10,2026-07-26 00:00:00+00:00,45.71
Yordan Alvarez,Yordan Alvarez_2020 topps chrome psa 10,2026-07-26 00:00:00+00:00,50.5
Yordan Alvarez,Yordan Alvarez_2020 topps chrome psa 10,2026-07-26 00:00:00+00:00,50.95
Yordan Alvarez,Yordan Alvarez_2020 topps chrome psa 10,2026-07-27 00:00:00+00:00,46.32
Yordan Alvarez,Yordan Alvarez_2020 topps chrome psa 10,2026-07-28 00:00:00+00:00,44.0
Yordan Alvarez,Yordan Alvarez_2020 topps chrome psa 10,2026-07-28 00:00:00+00:00,55.99
Yordan Alvarez,Yordan Alvarez_2020 topps chrome psa 10,2026-07-29 00:00:00+00:00,47.98
Yordan Alvarez,Yordan Alvarez_2020 topps chrome psa 10,2026-07-29 00:00:00+00:00,47.25
Yordan Alvarez,Yordan Alvarez_2020 topps chrome psa 10,2026-07-29 00:00:00+00:00,45.0
Yordan Alvarez,Yordan Alvarez_2020 topps chrome psa 10,2026-07-29 00:00:00+00:00,44.98
Yordan Alvarez,Yordan Alvarez_2020 topps chrome psa 10,2026-07-30 00:00:00+00:00,50.47
Yordan Alvarez,Yordan Alvarez_2020 topps chrome psa 10,2026-07-31 00:00:00+00:00,51.25
Yordan Alvarez,Yordan Alvarez_2020 topps chrome psa 10,2026-08-01 00:00:00+00:00,53.0
Yordan Alvarez,Yordan Alvarez_2020 topps chrome psa 10,2026-08-01 00:00:00+00:00,53.49
Yordan Alvarez,Yordan Alvarez_2020 topps chrome psa 10,2026-08-01 00:00:00+00:00,53.04
Yordan Alvarez,Yordan Alvarez_2020 topps chrome psa 10,2026-08-01 00:00:00+00:00,53.25
Yordan Alvarez,Yordan Alvarez_2020 topps chrome psa 10,2026-08-01 00:00:00+00:00,49.98
Yordan Alvarez,Yordan Alvarez_2020 topps chrome psa 10,2026-08-02 00:00:00+00:00,45.48
Yordan Alvarez,Yordan Alvarez_2020 topps chrome psa 10,2026-08-02 00:00:00+00:00,54.19
Yordan Alvarez,Yordan Alvarez_2020 topps chrome psa 10,2026-08-03 00:00:00+00:00,57.99
Yordan Alvarez,Yordan Alvarez_2020 topps chrome psa 10,2026-08-05 00:00:00+00:00,53.98
Yordan Alvarez,Yordan Alvarez_2020 topps chrome psa 10,2026-08-08 00:00:00+00:00,54.98
Yordan Alvarez,Yordan Alvarez_2020 topps chrome psa 10,2026-08-09 00:00:00+00:00,50.99
Yordan Alvarez,Yordan Alvarez_2020 topps chrome psa 10,2026-08-09 00:00:00+00:00,54.44
Yordan Alvarez,Yordan Alvarez_2020 topps chrome psa 10,2026-08-09 00:00:00+00:00,53.0
Yordan Alvarez,Yordan Alvarez_2020 topps chrome psa 10,2026-08-09 00:00:00+00:00,56.12
Yordan Alvarez,Yordan Alvarez_2020 topps chrome psa 10,2026-08-09 00:00:00+00:00,40.71
Yordan Alvarez,Yordan Alvarez_2020 topps chrome psa 10,2026-08-10 00:00:00+00:00,55.0
Yordan Alvarez,Yordan Alvarez_2020 topps chrome psa 10,2026-08-10 00:00:00+00:00,53.98
Yordan Alvarez,Yordan Alvarez_2020 topps chrome psa 10,2026-08-10 00:00:00+00:00,58.29
Yordan Alvarez,Yordan Alvarez_2020 topps chrome psa 10,2026-08-12 00:00:00+00:00,63.0
